center,left,right,steering,throttle,brake,speed
IMG/center_20250825_142922_000000.jpg,,,0.357915,0.150000,0.000000,0.000000
IMG/center_20250825_142922_000001.jpg,,,0.357915,0.150000,0.000000,0.000000
IMG/center_20250825_142922_000002.jpg,,,0.318181,0.150000,0.000000,0.000000
IMG/center_20250825_142922_000003.jpg,,,0.318181,0.150000,0.000000,0.000000
IMG/center_20250825_142922_000004.jpg,,,0.318181,0.150000,0.000000,0.000000
IMG/center_20250825_142922_000005.jpg,,,0.318181,0.150000,0.000000,0.000000
IMG/center_20250825_142922_000006.jpg,,,0.318181,0.150000,0.000000,0.000000
IMG/center_20250825_142922_000007.jpg,,,0.278435,0.150000,0.000000,0.000000
IMG/center_20250825_142922_000008.jpg,,,0.278435,0.150000,0.000000,0.000000
IMG/center_20250825_142922_000009.jpg,,,0.278435,0.150000,0.000000,0.000000
IMG/center_20250825_142922_000010.jpg,,,0.278435,0.150000,0.000000,0.000000
IMG/center_20250825_142922_000011.jpg,,,0.278435,0.150000,0.000000,0.000000
IMG/center_20250825_142922_000012.jpg,,,0.238678,0.150000,0.000000,0.000000
IMG/center_20250825_142922_000013.jpg,,,0.238678,0.150000,0.000000,0.000000
IMG/center_20250825_142922_000014.jpg,,,0.238678,0.150000,0.000000,0.000000
IMG/center_20250825_142922_000015.jpg,,,0.198912,0.150000,0.000000,0.000000
IMG/center_20250825_142922_000016.jpg,,,0.198912,0.150000,0.000000,0.000000
IMG/center_20250825_142922_000017.jpg,,,0.198912,0.150000,0.000000,0.000000
IMG/center_20250825_142922_000018.jpg,,,0.159139,0.150000,0.000000,0.000000
IMG/center_20250825_142922_000019.jpg,,,0.159139,0.150000,0.000000,0.000000
IMG/center_20250825_142922_000020.jpg,,,0.159139,0.150000,0.000000,0.000000
IMG/center_20250825_142922_000021.jpg,,,0.159139,0.150000,0.000000,0.000000
IMG/center_20250825_142922_000022.jpg,,,0.119359,0.150000,0.000000,0.000000
IMG/center_20250825_142922_000023.jpg,,,0.119359,0.150000,0.000000,0.000000
IMG/center_20250825_142922_000024.jpg,,,0.119359,0.150000,0.000000,0.000000
IMG/center_20250825_142922_000025.jpg,,,0.119359,0.150000,0.000000,0.000000
IMG/center_20250825_142922_000026.jpg,,,0.119359,0.150000,0.000000,0.000000
IMG/center_20250825_142922_000027.jpg,,,0.119359,0.150000,0.000000,0.000000
IMG/center_20250825_142922_000028.jpg,,,0.119359,0.150000,0.000000,0.000000
IMG/center_20250825_142922_000029.jpg,,,0.119359,0.150000,0.000000,0.000000
IMG/center_20250825_142922_000030.jpg,,,0.119359,0.150000,0.000000,0.000000
IMG/center_20250825_142922_000031.jpg,,,0.079575,0.150000,0.000000,0.000000
IMG/center_20250825_142922_000032.jpg,,,0.079575,0.150000,0.000000,0.000000
IMG/center_20250825_142922_000033.jpg,,,0.079575,0.150000,0.000000,0.000000
IMG/center_20250825_142922_000034.jpg,,,0.079575,0.150000,0.000000,0.000000
IMG/center_20250825_142922_000035.jpg,,,-0.039788,0.150000,0.000000,0.000000
IMG/center_20250825_142922_000036.jpg,,,-0.039788,0.150000,0.000000,0.000000
IMG/center_20250825_142922_000037.jpg,,,-0.039788,0.150000,0.000000,0.000000
IMG/center_20250825_142922_000038.jpg,,,-0.039788,0.150000,0.000000,0.000000
IMG/center_20250825_142922_000039.jpg,,,-0.039788,0.150000,0.000000,0.000000
IMG/center_20250825_142922_000040.jpg,,,-0.079575,0.150000,0.000000,0.000000
IMG/center_20250825_142922_000041.jpg,,,-0.079575,0.150000,0.000000,0.000000
IMG/center_20250825_142922_000042.jpg,,,-0.039788,0.150000,0.000000,0.000000
IMG/center_20250825_142922_000043.jpg,,,-0.039788,0.150000,0.000000,0.000000
IMG/center_20250825_142922_000044.jpg,,,-0.039788,0.150000,0.000000,0.000000
IMG/center_20250825_142922_000045.jpg,,,-0.039788,0.150000,0.000000,0.000000
IMG/center_20250825_142922_000046.jpg,,,-0.079575,0.150000,0.000000,0.000000
IMG/center_20250825_142922_000047.jpg,,,-0.039788,0.150000,0.000000,0.000000
IMG/center_20250825_142922_000048.jpg,,,-0.039788,0.150000,0.000000,0.000000
IMG/center_20250825_142922_000049.jpg,,,-0.039788,0.150000,0.000000,0.000000
IMG/center_20250825_142922_000050.jpg,,,-0.039788,0.150000,0.000000,0.000000
IMG/center_20250825_142922_000051.jpg,,,-0.079575,0.150000,0.000000,0.000000
IMG/center_20250825_142922_000052.jpg,,,-0.039788,0.150000,0.000000,0.000000
IMG/center_20250825_142922_000053.jpg,,,-0.079575,0.150000,0.000000,0.000000
IMG/center_20250825_142922_000054.jpg,,,-0.079575,0.150000,0.000000,0.000000
IMG/center_20250825_142922_000055.jpg,,,-0.039788,0.150000,0.000000,0.000000
IMG/center_20250825_142922_000056.jpg,,,-0.079575,0.150000,0.000000,0.000000
IMG/center_20250825_142922_000057.jpg,,,-0.079575,0.150000,0.000000,0.000000
IMG/center_20250825_142922_000058.jpg,,,-0.039788,0.150000,0.000000,0.000000
IMG/center_20250825_142922_000059.jpg,,,-0.039788,0.150000,0.000000,0.000000
IMG/center_20250825_142922_000060.jpg,,,-0.079575,0.150000,0.000000,0.000000
IMG/center_20250825_142922_000061.jpg,,,-0.079575,0.150000,0.000000,0.000000
IMG/center_20250825_142922_000062.jpg,,,-0.079575,0.150000,0.000000,0.000000
IMG/center_20250825_142922_000063.jpg,,,-0.039788,0.150000,0.000000,0.000000
IMG/center_20250825_142922_000064.jpg,,,-0.039788,0.150000,0.000000,0.000000
IMG/center_20250825_142922_000065.jpg,,,-0.079575,0.150000,0.000000,0.000000
IMG/center_20250825_142922_000066.jpg,,,-0.079575,0.150000,0.000000,0.000000
IMG/center_20250825_142922_000067.jpg,,,-0.039788,0.150000,0.000000,0.000000
IMG/center_20250825_142922_000068.jpg,,,-0.039788,0.150000,0.000000,0.000000
IMG/center_20250825_142922_000069.jpg,,,-0.039788,0.150000,0.000000,0.000000
IMG/center_20250825_142922_000070.jpg,,,-0.039788,0.150000,0.000000,0.000000
IMG/center_20250825_142922_000071.jpg,,,0.000000,0.150000,0.000000,0.000000
IMG/center_20250825_142922_000072.jpg,,,0.039788,0.150000,0.000000,0.000000
IMG/center_20250825_142922_000073.jpg,,,0.079575,0.150000,0.000000,0.000000
IMG/center_20250825_142922_000074.jpg,,,0.119359,0.150000,0.000000,0.000000
IMG/center_20250825_142922_000075.jpg,,,0.238678,0.150000,0.000000,0.000000
IMG/center_20250825_142922_000076.jpg,,,0.278435,0.150000,0.000000,0.000000
IMG/center_20250825_142922_000077.jpg,,,0.357915,0.150000,0.000000,0.000000
IMG/center_20250825_142922_000078.jpg,,,0.397636,0.150000,0.000000,0.000000
IMG/center_20250825_142922_000079.jpg,,,0.397636,0.150000,0.000000,0.000000
IMG/center_20250825_142922_000080.jpg,,,0.397636,0.150000,0.000000,0.000000
IMG/center_20250825_142922_000081.jpg,,,0.397636,0.150000,0.000000,0.000000
IMG/center_20250825_142922_000082.jpg,,,0.397636,0.150000,0.000000,0.000000
IMG/center_20250825_142922_000083.jpg,,,0.397636,0.150000,0.000000,0.000000
IMG/center_20250825_142922_000084.jpg,,,0.397636,0.150000,0.000000,0.000000
IMG/center_20250825_142922_000085.jpg,,,0.397636,0.150000,0.000000,0.000000
IMG/center_20250825_142922_000086.jpg,,,0.397636,0.150000,0.000000,0.000000
IMG/center_20250825_142922_000087.jpg,,,0.397636,0.150000,0.000000,0.000000
IMG/center_20250825_142922_000088.jpg,,,0.437341,0.150000,0.000000,0.000000
IMG/center_20250825_142922_000089.jpg,,,0.437341,0.150000,0.000000,0.000000
IMG/center_20250825_142922_000090.jpg,,,0.397636,0.150000,0.000000,0.000000
IMG/center_20250825_142922_000091.jpg,,,0.397636,0.150000,0.000000,0.000000
IMG/center_20250825_142922_000092.jpg,,,0.437341,0.150000,0.000000,0.000000
IMG/center_20250825_142922_000093.jpg,,,0.437341,0.150000,0.000000,0.000000
IMG/center_20250825_142922_000094.jpg,,,0.437341,0.150000,0.000000,0.000000
IMG/center_20250825_142922_000095.jpg,,,0.437341,0.150000,0.000000,0.000000
IMG/center_20250825_142922_000096.jpg,,,0.437341,0.150000,0.000000,0.000000
IMG/center_20250825_142922_000097.jpg,,,0.437341,0.150000,0.000000,0.000000
IMG/center_20250825_142922_000098.jpg,,,0.437341,0.150000,0.000000,0.000000
IMG/center_20250825_142922_000099.jpg,,,0.437341,0.150000,0.000000,0.000000
IMG/center_20250825_142922_000100.jpg,,,0.397636,0.150000,0.000000,0.000000
IMG/center_20250825_142922_000101.jpg,,,0.437341,0.150000,0.000000,0.000000
IMG/center_20250825_142922_000102.jpg,,,0.437341,0.150000,0.000000,0.000000
IMG/center_20250825_142922_000103.jpg,,,0.437341,0.150000,0.000000,0.000000
IMG/center_20250825_142922_000104.jpg,,,0.437341,0.150000,0.000000,0.000000
IMG/center_20250825_142922_000105.jpg,,,0.437341,0.150000,0.000000,0.000000
IMG/center_20250825_142922_000106.jpg,,,0.437341,0.150000,0.000000,0.000000
IMG/center_20250825_142922_000107.jpg,,,0.477030,0.150000,0.000000,0.000000
IMG/center_20250825_142922_000108.jpg,,,0.437341,0.150000,0.000000,0.000000
IMG/center_20250825_142922_000109.jpg,,,0.477030,0.150000,0.000000,0.000000
IMG/center_20250825_142922_000110.jpg,,,0.477030,0.150000,0.000000,0.000000
IMG/center_20250825_142922_000111.jpg,,,0.437341,0.150000,0.000000,0.000000
IMG/center_20250825_142922_000112.jpg,,,0.437341,0.150000,0.000000,0.000000
IMG/center_20250825_142922_000113.jpg,,,0.437341,0.150000,0.000000,0.000000
IMG/center_20250825_142922_000114.jpg,,,0.437341,0.150000,0.000000,0.000000
IMG/center_20250825_142922_000115.jpg,,,0.437341,0.150000,0.000000,0.000000
IMG/center_20250825_142922_000116.jpg,,,0.477030,0.150000,0.000000,0.000000
IMG/center_20250825_142922_000117.jpg,,,0.477030,0.150000,0.000000,0.000000
IMG/center_20250825_142922_000118.jpg,,,0.437341,0.150000,0.000000,0.000000
IMG/center_20250825_142922_000119.jpg,,,0.397636,0.150000,0.000000,0.000000
IMG/center_20250825_142922_000120.jpg,,,0.437341,0.150000,0.000000,0.000000
IMG/center_20250825_142922_000121.jpg,,,0.477030,0.150000,0.000000,0.000000
IMG/center_20250825_142922_000122.jpg,,,0.477030,0.150000,0.000000,0.000000
IMG/center_20250825_142922_000123.jpg,,,0.437341,0.150000,0.000000,0.000000
IMG/center_20250825_142922_000124.jpg,,,0.397636,0.150000,0.000000,0.000000
IMG/center_20250825_142922_000125.jpg,,,0.437341,0.150000,0.000000,0.000000
IMG/center_20250825_142922_000126.jpg,,,0.477030,0.150000,0.000000,0.000000
IMG/center_20250825_142922_000127.jpg,,,0.477030,0.150000,0.000000,0.000000
IMG/center_20250825_142922_000128.jpg,,,0.437341,0.150000,0.000000,0.000000
IMG/center_20250825_142922_000129.jpg,,,0.437341,0.150000,0.000000,0.000000
IMG/center_20250825_142922_000130.jpg,,,0.437341,0.150000,0.000000,0.000000
IMG/center_20250825_142922_000131.jpg,,,0.437341,0.150000,0.000000,0.000000
IMG/center_20250825_142922_000132.jpg,,,0.437341,0.150000,0.000000,0.000000
IMG/center_20250825_142922_000133.jpg,,,0.477030,0.150000,0.000000,0.000000
IMG/center_20250825_142922_000134.jpg,,,0.477030,0.150000,0.000000,0.000000
IMG/center_20250825_142922_000135.jpg,,,0.437341,0.150000,0.000000,0.000000
IMG/center_20250825_142922_000136.jpg,,,0.397636,0.150000,0.000000,0.000000
IMG/center_20250825_142922_000137.jpg,,,0.437341,0.150000,0.000000,0.000000
IMG/center_20250825_142922_000138.jpg,,,0.477030,0.150000,0.000000,0.000000
IMG/center_20250825_142922_000139.jpg,,,0.437341,0.150000,0.000000,0.000000
IMG/center_20250825_142922_000140.jpg,,,0.397636,0.150000,0.000000,0.000000
IMG/center_20250825_142922_000141.jpg,,,0.437341,0.150000,0.000000,0.000000
IMG/center_20250825_142922_000142.jpg,,,0.437341,0.150000,0.000000,0.000000
IMG/center_20250825_142922_000143.jpg,,,0.477030,0.150000,0.000000,0.000000
IMG/center_20250825_142922_000144.jpg,,,0.437341,0.150000,0.000000,0.000000
IMG/center_20250825_142922_000145.jpg,,,0.397636,0.150000,0.000000,0.000000
IMG/center_20250825_142922_000146.jpg,,,0.397636,0.150000,0.000000,0.000000
IMG/center_20250825_142922_000147.jpg,,,0.437341,0.150000,0.000000,0.000000
IMG/center_20250825_142922_000148.jpg,,,0.477030,0.150000,0.000000,0.000000
IMG/center_20250825_142922_000149.jpg,,,0.437341,0.150000,0.000000,0.000000
IMG/center_20250825_142922_000150.jpg,,,0.437341,0.150000,0.000000,0.000000
IMG/center_20250825_142922_000151.jpg,,,0.437341,0.150000,0.000000,0.000000
IMG/center_20250825_142922_000152.jpg,,,0.437341,0.150000,0.000000,0.000000
IMG/center_20250825_142922_000153.jpg,,,0.397636,0.150000,0.000000,0.000000
IMG/center_20250825_142922_000154.jpg,,,0.397636,0.150000,0.000000,0.000000
IMG/center_20250825_142922_000155.jpg,,,0.397636,0.150000,0.000000,0.000000
IMG/center_20250825_142922_000156.jpg,,,0.437341,0.150000,0.000000,0.000000
IMG/center_20250825_142922_000157.jpg,,,0.437341,0.150000,0.000000,0.000000
IMG/center_20250825_142922_000158.jpg,,,0.397636,0.150000,0.000000,0.000000
IMG/center_20250825_142922_000159.jpg,,,0.397636,0.150000,0.000000,0.000000
IMG/center_20250825_142922_000160.jpg,,,0.397636,0.150000,0.000000,0.000000
IMG/center_20250825_142922_000161.jpg,,,0.397636,0.150000,0.000000,0.000000
IMG/center_20250825_142922_000162.jpg,,,0.397636,0.150000,0.000000,0.000000
IMG/center_20250825_142922_000163.jpg,,,0.397636,0.150000,0.000000,0.000000
IMG/center_20250825_142922_000164.jpg,,,0.357915,0.150000,0.000000,0.000000
IMG/center_20250825_142922_000165.jpg,,,0.397636,0.150000,0.000000,0.000000
IMG/center_20250825_142922_000166.jpg,,,0.397636,0.150000,0.000000,0.000000
IMG/center_20250825_142922_000167.jpg,,,0.397636,0.150000,0.000000,0.000000
IMG/center_20250825_142922_000168.jpg,,,0.357915,0.150000,0.000000,0.000000
IMG/center_20250825_142922_000169.jpg,,,0.357915,0.150000,0.000000,0.000000
IMG/center_20250825_142922_000170.jpg,,,0.357915,0.150000,0.000000,0.000000
IMG/center_20250825_142922_000171.jpg,,,0.397636,0.150000,0.000000,0.000000
IMG/center_20250825_142922_000172.jpg,,,0.437341,0.150000,0.000000,0.000000
IMG/center_20250825_142922_000173.jpg,,,0.397636,0.150000,0.000000,0.000000
IMG/center_20250825_142922_000174.jpg,,,0.357915,0.150000,0.000000,0.000000
IMG/center_20250825_142922_000175.jpg,,,0.357915,0.150000,0.000000,0.000000
IMG/center_20250825_142922_000176.jpg,,,0.357915,0.150000,0.000000,0.000000
IMG/center_20250825_142922_000177.jpg,,,0.437341,0.150000,0.000000,0.000000
IMG/center_20250825_142922_000178.jpg,,,0.437341,0.150000,0.000000,0.000000
IMG/center_20250825_142922_000179.jpg,,,0.397636,0.150000,0.000000,0.000000
IMG/center_20250825_142922_000180.jpg,,,0.357915,0.150000,0.000000,0.000000
IMG/center_20250825_142922_000181.jpg,,,0.357915,0.150000,0.000000,0.000000
IMG/center_20250825_142922_000182.jpg,,,0.437341,0.150000,0.000000,0.000000
IMG/center_20250825_142922_000183.jpg,,,0.437341,0.150000,0.000000,0.000000
IMG/center_20250825_142922_000184.jpg,,,0.437341,0.150000,0.000000,0.000000
IMG/center_20250825_142922_000185.jpg,,,0.397636,0.150000,0.000000,0.000000
IMG/center_20250825_142922_000186.jpg,,,0.397636,0.150000,0.000000,0.000000
IMG/center_20250825_142922_000187.jpg,,,0.397636,0.150000,0.000000,0.000000
IMG/center_20250825_142922_000188.jpg,,,0.437341,0.150000,0.000000,0.000000
IMG/center_20250825_142922_000189.jpg,,,0.437341,0.150000,0.000000,0.000000
IMG/center_20250825_142922_000190.jpg,,,0.437341,0.150000,0.000000,0.000000
IMG/center_20250825_142922_000191.jpg,,,0.437341,0.150000,0.000000,0.000000
IMG/center_20250825_142922_000192.jpg,,,0.437341,0.150000,0.000000,0.000000
IMG/center_20250825_142922_000193.jpg,,,0.397636,0.150000,0.000000,0.000000
IMG/center_20250825_142922_000194.jpg,,,0.437341,0.150000,0.000000,0.000000
IMG/center_20250825_142922_000195.jpg,,,0.477030,0.150000,0.000000,0.000000
IMG/center_20250825_142922_000196.jpg,,,0.437341,0.150000,0.000000,0.000000
IMG/center_20250825_142922_000197.jpg,,,0.397636,0.150000,0.000000,0.000000
IMG/center_20250825_142922_000198.jpg,,,0.437341,0.150000,0.000000,0.000000
IMG/center_20250825_142922_000199.jpg,,,0.477030,0.150000,0.000000,0.000000
IMG/center_20250825_142922_000200.jpg,,,0.516701,0.150000,0.000000,0.000000
IMG/center_20250825_142922_000201.jpg,,,0.516701,0.150000,0.000000,0.000000
IMG/center_20250825_142922_000202.jpg,,,0.397636,0.150000,0.000000,0.000000
IMG/center_20250825_142922_000203.jpg,,,0.437341,0.150000,0.000000,0.000000
IMG/center_20250825_142922_000204.jpg,,,0.477030,0.150000,0.000000,0.000000
IMG/center_20250825_142922_000205.jpg,,,0.477030,0.150000,0.000000,0.000000
IMG/center_20250825_142922_000206.jpg,,,0.477030,0.150000,0.000000,0.000000
IMG/center_20250825_142922_000207.jpg,,,0.437341,0.150000,0.000000,0.000000
IMG/center_20250825_142922_000208.jpg,,,0.437341,0.150000,0.000000,0.000000
IMG/center_20250825_142922_000209.jpg,,,0.477030,0.150000,0.000000,0.000000
IMG/center_20250825_142922_000210.jpg,,,0.516701,0.150000,0.000000,0.000000
IMG/center_20250825_142922_000211.jpg,,,0.516701,0.150000,0.000000,0.000000
IMG/center_20250825_142922_000212.jpg,,,0.437341,0.150000,0.000000,0.000000
IMG/center_20250825_142922_000213.jpg,,,0.397636,0.150000,0.000000,0.000000
IMG/center_20250825_142922_000214.jpg,,,0.477030,0.150000,0.000000,0.000000
IMG/center_20250825_142922_000215.jpg,,,0.516701,0.150000,0.000000,0.000000
IMG/center_20250825_142922_000216.jpg,,,0.516701,0.150000,0.000000,0.000000
IMG/center_20250825_142922_000217.jpg,,,0.437341,0.150000,0.000000,0.000000
IMG/center_20250825_142922_000218.jpg,,,0.437341,0.150000,0.000000,0.000000
IMG/center_20250825_142922_000219.jpg,,,0.477030,0.150000,0.000000,0.000000
IMG/center_20250825_142922_000220.jpg,,,0.477030,0.150000,0.000000,0.000000
IMG/center_20250825_142922_000221.jpg,,,0.477030,0.150000,0.000000,0.000000
IMG/center_20250825_142922_000222.jpg,,,0.437341,0.150000,0.000000,0.000000
IMG/center_20250825_142922_000223.jpg,,,0.437341,0.150000,0.000000,0.000000
IMG/center_20250825_142922_000224.jpg,,,0.437341,0.150000,0.000000,0.000000
IMG/center_20250825_142922_000225.jpg,,,0.477030,0.150000,0.000000,0.000000
IMG/center_20250825_142922_000226.jpg,,,0.477030,0.150000,0.000000,0.000000
IMG/center_20250825_142922_000227.jpg,,,0.477030,0.150000,0.000000,0.000000
IMG/center_20250825_142922_000228.jpg,,,0.437341,0.150000,0.000000,0.000000
IMG/center_20250825_142922_000229.jpg,,,0.397636,0.150000,0.000000,0.000000
IMG/center_20250825_142922_000230.jpg,,,0.516701,0.150000,0.000000,0.000000
IMG/center_20250825_142922_000231.jpg,,,0.556353,0.150000,0.000000,0.000000
IMG/center_20250825_142922_000232.jpg,,,0.437341,0.150000,0.000000,0.000000
IMG/center_20250825_142922_000233.jpg,,,0.357915,0.150000,0.000000,0.000000
IMG/center_20250825_142922_000234.jpg,,,0.397636,0.150000,0.000000,0.000000
IMG/center_20250825_142922_000235.jpg,,,0.477030,0.150000,0.000000,0.000000
IMG/center_20250825_142922_000236.jpg,,,0.595983,0.100000,0.000000,0.000000
IMG/center_20250825_142922_000237.jpg,,,0.595983,0.100000,0.000000,0.000000
IMG/center_20250825_142922_000238.jpg,,,0.516701,0.100000,0.000000,0.000000
IMG/center_20250825_142922_000239.jpg,,,0.397636,0.100000,0.000000,0.000000
IMG/center_20250825_142922_000240.jpg,,,0.357915,0.100000,0.000000,0.000000
IMG/center_20250825_142922_000241.jpg,,,0.477030,0.100000,0.000000,0.000000
IMG/center_20250825_142922_000242.jpg,,,0.595983,0.100000,0.000000,0.000000
IMG/center_20250825_142922_000243.jpg,,,0.595983,0.100000,0.000000,0.000000
IMG/center_20250825_142922_000244.jpg,,,0.477030,0.100000,0.000000,0.000000
IMG/center_20250825_142922_000245.jpg,,,0.318181,0.100000,0.000000,0.000000
IMG/center_20250825_142922_000246.jpg,,,0.318181,0.100000,0.000000,0.000000
IMG/center_20250825_142922_000247.jpg,,,0.437341,0.050000,0.000000,0.000000
IMG/center_20250825_142922_000248.jpg,,,0.595983,0.050000,0.000000,0.000000
IMG/center_20250825_142922_000249.jpg,,,0.635591,0.050000,0.000000,0.000000
IMG/center_20250825_142922_000250.jpg,,,0.516701,0.050000,0.000000,0.000000
IMG/center_20250825_142922_000251.jpg,,,0.397636,0.050000,0.000000,0.000000
IMG/center_20250825_142922_000252.jpg,,,0.516701,0.050000,0.000000,0.000000
IMG/center_20250825_142922_000253.jpg,,,0.556353,0.050000,0.000000,0.000000
IMG/center_20250825_142922_000254.jpg,,,0.198912,0.050000,0.000000,0.000000
IMG/center_20250825_142922_000255.jpg,,,0.079575,0.050000,0.000000,0.000000
IMG/center_20250825_142922_000256.jpg,,,0.119359,0.050000,0.000000,0.000000
IMG/center_20250825_142922_000257.jpg,,,0.159139,0.050000,0.000000,0.000000
IMG/center_20250825_142922_000258.jpg,,,0.278435,0.050000,0.000000,0.000000
IMG/center_20250825_142922_000259.jpg,,,0.278435,0.050000,0.000000,0.000000
IMG/center_20250825_142922_000260.jpg,,,0.278435,0.050000,0.000000,0.000000
IMG/center_20250825_142922_000261.jpg,,,0.278435,0.050000,0.000000,0.000000
IMG/center_20250825_142922_000262.jpg,,,0.159139,0.050000,0.000000,0.000000
IMG/center_20250825_142922_000263.jpg,,,0.119359,0.050000,0.000000,0.000000
IMG/center_20250825_142922_000264.jpg,,,0.000000,0.050000,0.000000,0.000000
IMG/center_20250825_142922_000265.jpg,,,-0.039788,0.050000,0.000000,0.000000
IMG/center_20250825_142922_000266.jpg,,,-0.119359,0.050000,0.000000,0.000000
IMG/center_20250825_142922_000267.jpg,,,-0.238678,0.050000,0.000000,0.000000
IMG/center_20250825_142922_000268.jpg,,,-0.357915,0.050000,0.000000,0.000000
IMG/center_20250825_142922_000269.jpg,,,-0.397636,0.050000,0.000000,0.000000
IMG/center_20250825_142922_000270.jpg,,,-0.397636,0.050000,0.000000,0.000000
IMG/center_20250825_142922_000271.jpg,,,-0.357915,0.050000,0.000000,0.000000
IMG/center_20250825_142922_000272.jpg,,,-0.357915,0.050000,0.000000,0.000000
IMG/center_20250825_142922_000273.jpg,,,-0.397636,0.050000,0.000000,0.000000
IMG/center_20250825_142922_000274.jpg,,,-0.477030,0.050000,0.000000,0.000000
IMG/center_20250825_142922_000275.jpg,,,-0.477030,0.050000,0.000000,0.000000
IMG/center_20250825_142922_000276.jpg,,,-0.437341,0.050000,0.000000,0.000000
IMG/center_20250825_142922_000277.jpg,,,-0.397636,0.050000,0.000000,0.000000
IMG/center_20250825_142922_000278.jpg,,,-0.397636,0.050000,0.000000,0.000000
IMG/center_20250825_142922_000279.jpg,,,-0.397636,0.050000,0.000000,0.000000
IMG/center_20250825_142922_000280.jpg,,,-0.437341,0.050000,0.000000,0.000000
IMG/center_20250825_142922_000281.jpg,,,-0.516701,0.050000,0.000000,0.000000
IMG/center_20250825_142922_000282.jpg,,,-0.516701,0.050000,0.000000,0.000000
IMG/center_20250825_142922_000283.jpg,,,-0.397636,0.050000,0.000000,0.000000
IMG/center_20250825_142922_000284.jpg,,,-0.357915,0.050000,0.000000,0.000000
IMG/center_20250825_142922_000285.jpg,,,-0.437341,0.050000,0.000000,0.000000
IMG/center_20250825_142922_000286.jpg,,,-0.477030,0.050000,0.000000,0.000000
IMG/center_20250825_142922_000287.jpg,,,-0.437341,0.050000,0.000000,0.000000
IMG/center_20250825_142922_000288.jpg,,,-0.437341,0.050000,0.000000,0.000000
IMG/center_20250825_142922_000289.jpg,,,-0.437341,0.050000,0.000000,0.000000
IMG/center_20250825_142922_000290.jpg,,,-0.437341,0.050000,0.000000,0.000000
IMG/center_20250825_142922_000291.jpg,,,-0.437341,0.050000,0.000000,0.000000
IMG/center_20250825_142922_000292.jpg,,,-0.437341,0.050000,0.000000,0.000000
IMG/center_20250825_142922_000293.jpg,,,-0.437341,0.050000,0.000000,0.000000
IMG/center_20250825_142922_000294.jpg,,,-0.437341,0.050000,0.000000,0.000000
IMG/center_20250825_142922_000295.jpg,,,-0.437341,0.050000,0.000000,0.000000
IMG/center_20250825_142922_000296.jpg,,,-0.437341,0.050000,0.000000,0.000000
IMG/center_20250825_142922_000297.jpg,,,-0.437341,0.050000,0.000000,0.000000
IMG/center_20250825_142922_000298.jpg,,,-0.437341,0.050000,0.000000,0.000000
IMG/center_20250825_142922_000299.jpg,,,-0.477030,0.050000,0.000000,0.000000
IMG/center_20250825_142922_000300.jpg,,,-0.437341,0.050000,0.000000,0.000000
IMG/center_20250825_142922_000301.jpg,,,-0.437341,0.050000,0.000000,0.000000
IMG/center_20250825_142922_000302.jpg,,,-0.437341,0.050000,0.000000,0.000000
IMG/center_20250825_142922_000303.jpg,,,-0.437341,0.050000,0.000000,0.000000
IMG/center_20250825_142922_000304.jpg,,,-0.437341,0.050000,0.000000,0.000000
IMG/center_20250825_142922_000305.jpg,,,-0.437341,0.050000,0.000000,0.000000
IMG/center_20250825_142922_000306.jpg,,,-0.437341,0.050000,0.000000,0.000000
IMG/center_20250825_142922_000307.jpg,,,-0.437341,0.050000,0.000000,0.000000
IMG/center_20250825_142922_000308.jpg,,,-0.437341,0.050000,0.000000,0.000000
IMG/center_20250825_142922_000309.jpg,,,-0.477030,0.050000,0.000000,0.000000
IMG/center_20250825_142922_000310.jpg,,,-0.477030,0.050000,0.000000,0.000000
IMG/center_20250825_142922_000311.jpg,,,-0.516701,0.050000,0.000000,0.000000
IMG/center_20250825_142922_000312.jpg,,,-0.437341,0.050000,0.000000,0.000000
IMG/center_20250825_142922_000313.jpg,,,-0.397636,0.050000,0.000000,0.000000
IMG/center_20250825_142922_000314.jpg,,,-0.437341,0.050000,0.000000,0.000000
IMG/center_20250825_142922_000315.jpg,,,-0.516701,0.050000,0.000000,0.000000
IMG/center_20250825_142922_000316.jpg,,,-0.477030,0.050000,0.000000,0.000000
IMG/center_20250825_142922_000317.jpg,,,-0.397636,0.050000,0.000000,0.000000
IMG/center_20250825_142922_000318.jpg,,,-0.397636,0.050000,0.000000,0.000000
IMG/center_20250825_142922_000319.jpg,,,-0.477030,0.050000,0.000000,0.000000
IMG/center_20250825_142922_000320.jpg,,,-0.516701,0.050000,0.000000,0.000000
IMG/center_20250825_142922_000321.jpg,,,-0.477030,0.050000,0.000000,0.000000
IMG/center_20250825_142922_000322.jpg,,,-0.397636,0.050000,0.000000,0.000000
IMG/center_20250825_142922_000323.jpg,,,-0.357915,0.050000,0.000000,0.000000
IMG/center_20250825_142922_000324.jpg,,,-0.437341,0.050000,0.000000,0.000000
IMG/center_20250825_142922_000325.jpg,,,-0.516701,0.050000,0.000000,0.000000
IMG/center_20250825_142922_000326.jpg,,,-0.516701,0.050000,0.000000,0.000000
IMG/center_20250825_142922_000327.jpg,,,-0.357915,0.050000,0.000000,0.000000
IMG/center_20250825_142922_000328.jpg,,,-0.397636,0.050000,0.000000,0.000000
IMG/center_20250825_142922_000329.jpg,,,-0.477030,0.050000,0.000000,0.000000
IMG/center_20250825_142922_000330.jpg,,,-0.556353,0.050000,0.000000,0.000000
IMG/center_20250825_142922_000331.jpg,,,-0.556353,0.050000,0.000000,0.000000
IMG/center_20250825_142922_000332.jpg,,,-0.516701,0.050000,0.000000,0.000000
IMG/center_20250825_142922_000333.jpg,,,-0.357915,0.050000,0.000000,0.000000
IMG/center_20250825_142922_000334.jpg,,,-0.278435,0.050000,0.000000,0.000000
IMG/center_20250825_142922_000335.jpg,,,-0.437341,0.050000,0.000000,0.000000
IMG/center_20250825_142922_000336.jpg,,,-0.556353,0.050000,0.000000,0.000000
IMG/center_20250825_142922_000337.jpg,,,-0.595983,0.050000,0.000000,0.000000
IMG/center_20250825_142922_000338.jpg,,,-0.477030,0.050000,0.000000,0.000000
IMG/center_20250825_142922_000339.jpg,,,-0.318181,0.050000,0.000000,0.000000
IMG/center_20250825_142922_000340.jpg,,,-0.278435,0.050000,0.000000,0.000000
IMG/center_20250825_142922_000341.jpg,,,-0.357915,0.050000,0.000000,0.000000
IMG/center_20250825_142922_000342.jpg,,,-0.516701,0.050000,0.000000,0.000000
IMG/center_20250825_142922_000343.jpg,,,-0.516701,0.050000,0.000000,0.000000
IMG/center_20250825_142922_000344.jpg,,,-0.357915,0.050000,0.000000,0.000000
IMG/center_20250825_142922_000345.jpg,,,-0.318181,0.050000,0.000000,0.000000
IMG/center_20250825_142922_000346.jpg,,,-0.357915,0.050000,0.000000,0.000000
IMG/center_20250825_142922_000347.jpg,,,-0.516701,0.050000,0.000000,0.000000
IMG/center_20250825_142922_000348.jpg,,,-0.556353,0.050000,0.000000,0.000000
IMG/center_20250825_142922_000349.jpg,,,-0.477030,0.050000,0.000000,0.000000
IMG/center_20250825_142922_000350.jpg,,,-0.357915,0.050000,0.000000,0.000000
IMG/center_20250825_142922_000351.jpg,,,-0.357915,0.050000,0.000000,0.000000
IMG/center_20250825_142922_000352.jpg,,,-0.516701,0.050000,0.000000,0.000000
IMG/center_20250825_142922_000353.jpg,,,-0.595983,0.050000,0.000000,0.000000
IMG/center_20250825_142922_000354.jpg,,,-0.556353,0.050000,0.000000,0.000000
IMG/center_20250825_142922_000355.jpg,,,-0.516701,0.050000,0.000000,0.000000
IMG/center_20250825_142922_000356.jpg,,,-0.357915,0.050000,0.000000,0.000000
IMG/center_20250825_142922_000357.jpg,,,-0.397636,0.050000,0.000000,0.000000
IMG/center_20250825_142922_000358.jpg,,,-0.556353,0.050000,0.000000,0.000000
IMG/center_20250825_142922_000359.jpg,,,-0.556353,0.050000,0.000000,0.000000
IMG/center_20250825_142922_000360.jpg,,,-0.516701,0.050000,0.000000,0.000000
IMG/center_20250825_142922_000361.jpg,,,-0.437341,0.050000,0.000000,0.000000
IMG/center_20250825_142922_000362.jpg,,,-0.397636,0.050000,0.000000,0.000000
IMG/center_20250825_142922_000363.jpg,,,-0.477030,0.050000,0.000000,0.000000
IMG/center_20250825_142922_000364.jpg,,,-0.516701,0.050000,0.000000,0.000000
IMG/center_20250825_142922_000365.jpg,,,-0.516701,0.050000,0.000000,0.000000
IMG/center_20250825_142922_000366.jpg,,,-0.477030,0.050000,0.000000,0.000000
IMG/center_20250825_142922_000367.jpg,,,-0.437341,0.050000,0.000000,0.000000
IMG/center_20250825_142922_000368.jpg,,,-0.477030,0.050000,0.000000,0.000000
IMG/center_20250825_142922_000369.jpg,,,-0.477030,0.050000,0.000000,0.000000
IMG/center_20250825_142922_000370.jpg,,,-0.477030,0.050000,0.000000,0.000000
IMG/center_20250825_142922_000371.jpg,,,-0.477030,0.050000,0.000000,0.000000
IMG/center_20250825_142922_000372.jpg,,,-0.477030,0.050000,0.000000,0.000000
IMG/center_20250825_142922_000373.jpg,,,-0.437341,0.050000,0.000000,0.000000
IMG/center_20250825_142922_000374.jpg,,,-0.437341,0.050000,0.000000,0.000000
IMG/center_20250825_142922_000375.jpg,,,-0.477030,0.050000,0.000000,0.000000
IMG/center_20250825_142922_000376.jpg,,,-0.477030,0.050000,0.000000,0.000000
IMG/center_20250825_142922_000377.jpg,,,-0.437341,0.050000,0.000000,0.000000
IMG/center_20250825_142922_000378.jpg,,,-0.437341,0.050000,0.000000,0.000000
IMG/center_20250825_142922_000379.jpg,,,-0.437341,0.050000,0.000000,0.000000
IMG/center_20250825_142922_000380.jpg,,,-0.437341,0.050000,0.000000,0.000000
IMG/center_20250825_142922_000381.jpg,,,-0.477030,0.050000,0.000000,0.000000
IMG/center_20250825_142922_000382.jpg,,,-0.477030,0.050000,0.000000,0.000000
IMG/center_20250825_142922_000383.jpg,,,-0.437341,0.050000,0.000000,0.000000
IMG/center_20250825_142922_000384.jpg,,,-0.437341,0.050000,0.000000,0.000000
IMG/center_20250825_142922_000385.jpg,,,-0.437341,0.050000,0.000000,0.000000
IMG/center_20250825_142922_000386.jpg,,,-0.437341,0.050000,0.000000,0.000000
IMG/center_20250825_142922_000387.jpg,,,-0.437341,0.050000,0.000000,0.000000
IMG/center_20250825_142922_000388.jpg,,,-0.437341,0.050000,0.000000,0.000000
IMG/center_20250825_142922_000389.jpg,,,-0.437341,0.050000,0.000000,0.000000
IMG/center_20250825_142922_000390.jpg,,,-0.477030,0.050000,0.000000,0.000000
IMG/center_20250825_142922_000391.jpg,,,-0.437341,0.050000,0.000000,0.000000
IMG/center_20250825_142922_000392.jpg,,,-0.437341,0.050000,0.000000,0.000000
IMG/center_20250825_142922_000393.jpg,,,-0.437341,0.050000,0.000000,0.000000
IMG/center_20250825_142922_000394.jpg,,,-0.397636,0.050000,0.000000,0.000000
IMG/center_20250825_142922_000395.jpg,,,-0.397636,0.050000,0.000000,0.000000
IMG/center_20250825_142922_000396.jpg,,,-0.437341,0.050000,0.000000,0.000000
IMG/center_20250825_142922_000397.jpg,,,-0.437341,0.050000,0.000000,0.000000
IMG/center_20250825_142922_000398.jpg,,,-0.437341,0.050000,0.000000,0.000000
IMG/center_20250825_142922_000399.jpg,,,-0.437341,0.050000,0.000000,0.000000
IMG/center_20250825_142922_000400.jpg,,,-0.437341,0.050000,0.000000,0.000000
IMG/center_20250825_142922_000401.jpg,,,-0.437341,0.050000,0.000000,0.000000
IMG/center_20250825_142922_000402.jpg,,,-0.437341,0.050000,0.000000,0.000000
IMG/center_20250825_142922_000403.jpg,,,-0.437341,0.050000,0.000000,0.000000
IMG/center_20250825_142922_000404.jpg,,,-0.437341,0.050000,0.000000,0.000000
IMG/center_20250825_142922_000405.jpg,,,-0.437341,0.050000,0.000000,0.000000
IMG/center_20250825_142922_000406.jpg,,,-0.437341,0.050000,0.000000,0.000000
IMG/center_20250825_142922_000407.jpg,,,-0.477030,0.050000,0.000000,0.000000
IMG/center_20250825_142922_000408.jpg,,,-0.437341,0.050000,0.000000,0.000000
IMG/center_20250825_142922_000409.jpg,,,-0.397636,0.050000,0.000000,0.000000
IMG/center_20250825_142922_000410.jpg,,,-0.397636,0.050000,0.000000,0.000000
IMG/center_20250825_142922_000411.jpg,,,-0.437341,0.050000,0.000000,0.000000
IMG/center_20250825_142922_000412.jpg,,,-0.437341,0.050000,0.000000,0.000000
IMG/center_20250825_142922_000413.jpg,,,-0.437341,0.050000,0.000000,0.000000
IMG/center_20250825_142922_000414.jpg,,,-0.437341,0.050000,0.000000,0.000000
IMG/center_20250825_142922_000415.jpg,,,-0.437341,0.050000,0.000000,0.000000
IMG/center_20250825_142922_000416.jpg,,,-0.437341,0.050000,0.000000,0.000000
IMG/center_20250825_142922_000417.jpg,,,-0.397636,0.050000,0.000000,0.000000
IMG/center_20250825_142922_000418.jpg,,,-0.357915,0.050000,0.000000,0.000000
IMG/center_20250825_142922_000419.jpg,,,-0.318181,0.050000,0.000000,0.000000
IMG/center_20250825_142922_000420.jpg,,,-0.318181,0.050000,0.000000,0.000000
IMG/center_20250825_142922_000421.jpg,,,-0.318181,0.050000,0.000000,0.000000
IMG/center_20250825_142922_000422.jpg,,,-0.278435,0.050000,0.000000,0.000000
IMG/center_20250825_142922_000423.jpg,,,-0.238678,0.050000,0.000000,0.000000
IMG/center_20250825_142922_000424.jpg,,,-0.198912,0.050000,0.000000,0.000000
IMG/center_20250825_142922_000425.jpg,,,-0.198912,0.050000,0.000000,0.000000
IMG/center_20250825_142922_000426.jpg,,,-0.198912,0.050000,0.000000,0.000000
IMG/center_20250825_142922_000427.jpg,,,-0.198912,0.050000,0.000000,0.000000
IMG/center_20250825_142922_000428.jpg,,,-0.159139,0.050000,0.000000,0.000000
IMG/center_20250825_142922_000429.jpg,,,-0.159139,0.050000,0.000000,0.000000
IMG/center_20250825_142922_000430.jpg,,,-0.159139,0.050000,0.000000,0.000000
IMG/center_20250825_142922_000431.jpg,,,-0.119359,0.050000,0.000000,0.000000
IMG/center_20250825_142922_000432.jpg,,,-0.119359,0.050000,0.000000,0.000000
IMG/center_20250825_142922_000433.jpg,,,-0.079575,0.050000,0.000000,0.000000
IMG/center_20250825_142922_000434.jpg,,,-0.079575,0.050000,0.000000,0.000000
IMG/center_20250825_142922_000435.jpg,,,-0.079575,0.050000,0.000000,0.000000
IMG/center_20250825_142922_000436.jpg,,,-0.079575,0.050000,0.000000,0.000000
IMG/center_20250825_142922_000437.jpg,,,-0.079575,0.050000,0.000000,0.000000
IMG/center_20250825_142922_000438.jpg,,,-0.079575,0.050000,0.000000,0.000000
IMG/center_20250825_142922_000439.jpg,,,-0.079575,0.050000,0.000000,0.000000
IMG/center_20250825_142922_000440.jpg,,,-0.079575,0.050000,0.000000,0.000000
IMG/center_20250825_142922_000441.jpg,,,-0.079575,0.050000,0.000000,0.000000
IMG/center_20250825_142922_000442.jpg,,,-0.079575,0.050000,0.000000,0.000000
IMG/center_20250825_142922_000443.jpg,,,-0.039788,0.050000,0.000000,0.000000
IMG/center_20250825_142922_000444.jpg,,,-0.039788,0.050000,0.000000,0.000000
IMG/center_20250825_142922_000445.jpg,,,-0.039788,0.050000,0.000000,0.000000
IMG/center_20250825_142922_000446.jpg,,,-0.039788,0.050000,0.000000,0.000000
IMG/center_20250825_142922_000447.jpg,,,-0.039788,0.050000,0.000000,0.000000
IMG/center_20250825_142922_000448.jpg,,,-0.039788,0.050000,0.000000,0.000000
IMG/center_20250825_142922_000449.jpg,,,-0.039788,0.050000,0.000000,0.000000
IMG/center_20250825_142922_000450.jpg,,,-0.039788,0.050000,0.000000,0.000000
IMG/center_20250825_142922_000451.jpg,,,-0.039788,0.050000,0.000000,0.000000
IMG/center_20250825_142922_000452.jpg,,,-0.039788,0.050000,0.000000,0.000000
IMG/center_20250825_142922_000453.jpg,,,-0.039788,0.050000,0.000000,0.000000
IMG/center_20250825_142922_000454.jpg,,,-0.039788,0.050000,0.000000,0.000000
IMG/center_20250825_142922_000455.jpg,,,-0.039788,0.050000,0.000000,0.000000
IMG/center_20250825_142922_000456.jpg,,,-0.039788,0.050000,0.000000,0.000000
IMG/center_20250825_142922_000457.jpg,,,-0.039788,0.050000,0.000000,0.000000
IMG/center_20250825_142922_000458.jpg,,,-0.039788,0.050000,0.000000,0.000000
IMG/center_20250825_142922_000459.jpg,,,0.000000,0.050000,0.000000,0.000000
IMG/center_20250825_142922_000460.jpg,,,0.000000,0.050000,0.000000,0.000000
IMG/center_20250825_142922_000461.jpg,,,0.000000,0.050000,0.000000,0.000000
IMG/center_20250825_142922_000462.jpg,,,0.000000,0.050000,0.000000,0.000000
IMG/center_20250825_142922_000463.jpg,,,0.000000,0.050000,0.000000,0.000000
IMG/center_20250825_142922_000464.jpg,,,0.000000,0.050000,0.000000,0.000000
IMG/center_20250825_142922_000465.jpg,,,0.000000,0.050000,0.000000,0.000000
IMG/center_20250825_142922_000466.jpg,,,0.000000,0.050000,0.000000,0.000000
IMG/center_20250825_142922_000467.jpg,,,0.000000,0.050000,0.000000,0.000000
IMG/center_20250825_142922_000468.jpg,,,0.000000,0.050000,0.000000,0.000000
IMG/center_20250825_142922_000469.jpg,,,0.000000,0.050000,0.000000,0.000000
IMG/center_20250825_142922_000470.jpg,,,0.000000,0.050000,0.000000,0.000000
IMG/center_20250825_142922_000471.jpg,,,0.000000,0.050000,0.000000,0.000000
IMG/center_20250825_142922_000472.jpg,,,0.000000,0.050000,0.000000,0.000000
IMG/center_20250825_142922_000473.jpg,,,0.000000,0.050000,0.000000,0.000000
IMG/center_20250825_142922_000474.jpg,,,0.000000,0.050000,0.000000,0.000000
IMG/center_20250825_142922_000475.jpg,,,0.000000,0.050000,0.000000,0.000000
IMG/center_20250825_142922_000476.jpg,,,0.000000,0.050000,0.000000,0.000000
IMG/center_20250825_142922_000477.jpg,,,0.000000,0.050000,0.000000,0.000000
IMG/center_20250825_142922_000478.jpg,,,0.000000,0.050000,0.000000,0.000000
IMG/center_20250825_142922_000479.jpg,,,0.000000,0.050000,0.000000,0.000000
IMG/center_20250825_142922_000480.jpg,,,0.000000,0.050000,0.000000,0.000000
IMG/center_20250825_142922_000481.jpg,,,0.000000,0.050000,0.000000,0.000000
IMG/center_20250825_142922_000482.jpg,,,0.000000,0.050000,0.000000,0.000000
IMG/center_20250825_142922_000483.jpg,,,0.000000,0.050000,0.000000,0.000000
IMG/center_20250825_142922_000484.jpg,,,0.000000,0.050000,0.000000,0.000000
IMG/center_20250825_142922_000485.jpg,,,0.000000,0.050000,0.000000,0.000000
IMG/center_20250825_142922_000486.jpg,,,0.000000,0.050000,0.000000,0.000000
IMG/center_20250825_142922_000487.jpg,,,-0.079575,0.050000,0.000000,0.000000
IMG/center_20250825_142922_000488.jpg,,,-0.159139,0.050000,0.000000,0.000000
IMG/center_20250825_142922_000489.jpg,,,-0.278435,0.050000,0.000000,0.000000
IMG/center_20250825_142922_000490.jpg,,,-0.357915,0.050000,0.000000,0.000000
IMG/center_20250825_142922_000491.jpg,,,-0.397636,0.050000,0.000000,0.000000
IMG/center_20250825_142922_000492.jpg,,,-0.357915,0.050000,0.000000,0.000000
IMG/center_20250825_142922_000493.jpg,,,-0.357915,0.050000,0.000000,0.000000
IMG/center_20250825_142922_000494.jpg,,,-0.357915,0.050000,0.000000,0.000000
IMG/center_20250825_142922_000495.jpg,,,-0.357915,0.050000,0.000000,0.000000
IMG/center_20250825_142922_000496.jpg,,,-0.318181,0.050000,0.000000,0.000000
IMG/center_20250825_142922_000497.jpg,,,-0.357915,0.050000,0.000000,0.000000
IMG/center_20250825_142922_000498.jpg,,,-0.357915,0.050000,0.000000,0.000000
IMG/center_20250825_142922_000499.jpg,,,-0.357915,0.050000,0.000000,0.000000
IMG/center_20250825_142922_000500.jpg,,,-0.357915,0.050000,0.000000,0.000000
IMG/center_20250825_142922_000501.jpg,,,-0.357915,0.050000,0.000000,0.000000
IMG/center_20250825_142922_000502.jpg,,,-0.357915,0.050000,0.000000,0.000000
IMG/center_20250825_142922_000503.jpg,,,-0.357915,0.050000,0.000000,0.000000
IMG/center_20250825_142922_000504.jpg,,,-0.318181,0.050000,0.000000,0.000000
IMG/center_20250825_142922_000505.jpg,,,-0.318181,0.050000,0.000000,0.000000
IMG/center_20250825_142922_000506.jpg,,,-0.318181,0.050000,0.000000,0.000000
IMG/center_20250825_142922_000507.jpg,,,-0.357915,0.050000,0.000000,0.000000
IMG/center_20250825_142922_000508.jpg,,,-0.357915,0.050000,0.000000,0.000000
IMG/center_20250825_142922_000509.jpg,,,-0.318181,0.050000,0.000000,0.000000
IMG/center_20250825_142922_000510.jpg,,,-0.318181,0.050000,0.000000,0.000000
IMG/center_20250825_142922_000511.jpg,,,-0.357915,0.050000,0.000000,0.000000
IMG/center_20250825_142922_000512.jpg,,,-0.357915,0.050000,0.000000,0.000000
IMG/center_20250825_142922_000513.jpg,,,-0.318181,0.050000,0.000000,0.000000
IMG/center_20250825_142922_000514.jpg,,,-0.318181,0.050000,0.000000,0.000000
IMG/center_20250825_142922_000515.jpg,,,-0.318181,0.050000,0.000000,0.000000
IMG/center_20250825_142922_000516.jpg,,,-0.357915,0.050000,0.000000,0.000000
IMG/center_20250825_142922_000517.jpg,,,-0.357915,0.050000,0.000000,0.000000
IMG/center_20250825_142922_000518.jpg,,,-0.357915,0.050000,0.000000,0.000000
IMG/center_20250825_142922_000519.jpg,,,-0.357915,0.050000,0.000000,0.000000
IMG/center_20250825_142922_000520.jpg,,,-0.318181,0.050000,0.000000,0.000000
IMG/center_20250825_142922_000521.jpg,,,-0.318181,0.050000,0.000000,0.000000
IMG/center_20250825_142922_000522.jpg,,,-0.357915,0.050000,0.000000,0.000000
IMG/center_20250825_142922_000523.jpg,,,-0.357915,0.050000,0.000000,0.000000
IMG/center_20250825_142922_000524.jpg,,,-0.357915,0.050000,0.000000,0.000000
IMG/center_20250825_142922_000525.jpg,,,-0.357915,0.050000,0.000000,0.000000
IMG/center_20250825_142922_000526.jpg,,,-0.357915,0.050000,0.000000,0.000000
IMG/center_20250825_142922_000527.jpg,,,-0.357915,0.050000,0.000000,0.000000
IMG/center_20250825_142922_000528.jpg,,,-0.397636,0.050000,0.000000,0.000000
IMG/center_20250825_142922_000529.jpg,,,-0.397636,0.050000,0.000000,0.000000
IMG/center_20250825_142922_000530.jpg,,,-0.357915,0.050000,0.000000,0.000000
IMG/center_20250825_142922_000531.jpg,,,-0.357915,0.050000,0.000000,0.000000
IMG/center_20250825_142922_000532.jpg,,,-0.397636,0.050000,0.000000,0.000000
IMG/center_20250825_142922_000533.jpg,,,-0.397636,0.050000,0.000000,0.000000
IMG/center_20250825_142922_000534.jpg,,,-0.397636,0.050000,0.000000,0.000000
IMG/center_20250825_142922_000535.jpg,,,-0.397636,0.050000,0.000000,0.000000
IMG/center_20250825_142922_000536.jpg,,,-0.397636,0.050000,0.000000,0.000000
IMG/center_20250825_142922_000537.jpg,,,-0.397636,0.050000,0.000000,0.000000
IMG/center_20250825_142922_000538.jpg,,,-0.397636,0.050000,0.000000,0.000000
IMG/center_20250825_142922_000539.jpg,,,-0.397636,0.050000,0.000000,0.000000
IMG/center_20250825_142922_000540.jpg,,,-0.437341,0.050000,0.000000,0.000000
IMG/center_20250825_142922_000541.jpg,,,-0.437341,0.050000,0.000000,0.000000
IMG/center_20250825_142922_000542.jpg,,,-0.437341,0.050000,0.000000,0.000000
IMG/center_20250825_142922_000543.jpg,,,-0.397636,0.050000,0.000000,0.000000
IMG/center_20250825_142922_000544.jpg,,,-0.397636,0.050000,0.000000,0.000000
IMG/center_20250825_142922_000545.jpg,,,-0.397636,0.050000,0.000000,0.000000
IMG/center_20250825_142922_000546.jpg,,,-0.437341,0.050000,0.000000,0.000000
IMG/center_20250825_142922_000547.jpg,,,-0.437341,0.050000,0.000000,0.000000
IMG/center_20250825_142922_000548.jpg,,,-0.437341,0.050000,0.000000,0.000000
IMG/center_20250825_142922_000549.jpg,,,-0.437341,0.050000,0.000000,0.000000
IMG/center_20250825_142922_000550.jpg,,,-0.437341,0.050000,0.000000,0.000000
IMG/center_20250825_142922_000551.jpg,,,-0.397636,0.050000,0.000000,0.000000
IMG/center_20250825_142922_000552.jpg,,,-0.397636,0.050000,0.000000,0.000000
IMG/center_20250825_142922_000553.jpg,,,-0.437341,0.050000,0.000000,0.000000
IMG/center_20250825_142922_000554.jpg,,,-0.477030,0.050000,0.000000,0.000000
IMG/center_20250825_142922_000555.jpg,,,-0.477030,0.050000,0.000000,0.000000
IMG/center_20250825_142922_000556.jpg,,,-0.437341,0.050000,0.000000,0.000000
IMG/center_20250825_142922_000557.jpg,,,-0.437341,0.050000,0.000000,0.000000
IMG/center_20250825_142922_000558.jpg,,,-0.437341,0.050000,0.000000,0.000000
IMG/center_20250825_142922_000559.jpg,,,-0.397636,0.050000,0.000000,0.000000
IMG/center_20250825_142922_000560.jpg,,,-0.397636,0.050000,0.000000,0.000000
IMG/center_20250825_142922_000561.jpg,,,-0.437341,0.050000,0.000000,0.000000
IMG/center_20250825_142922_000562.jpg,,,-0.437341,0.050000,0.000000,0.000000
IMG/center_20250825_142922_000563.jpg,,,-0.437341,0.050000,0.000000,0.000000
IMG/center_20250825_142922_000564.jpg,,,-0.437341,0.050000,0.000000,0.000000
IMG/center_20250825_142922_000565.jpg,,,-0.437341,0.050000,0.000000,0.000000
IMG/center_20250825_142922_000566.jpg,,,-0.437341,0.050000,0.000000,0.000000
IMG/center_20250825_142922_000567.jpg,,,-0.397636,0.050000,0.000000,0.000000
IMG/center_20250825_142922_000568.jpg,,,-0.397636,0.050000,0.000000,0.000000
IMG/center_20250825_142922_000569.jpg,,,-0.397636,0.050000,0.000000,0.000000
IMG/center_20250825_142922_000570.jpg,,,-0.397636,0.050000,0.000000,0.000000
IMG/center_20250825_142922_000571.jpg,,,-0.437341,0.050000,0.000000,0.000000
IMG/center_20250825_142922_000572.jpg,,,-0.397636,0.050000,0.000000,0.000000
IMG/center_20250825_142922_000573.jpg,,,-0.357915,0.050000,0.000000,0.000000
IMG/center_20250825_142922_000574.jpg,,,-0.357915,0.050000,0.000000,0.000000
IMG/center_20250825_142922_000575.jpg,,,-0.397636,0.050000,0.000000,0.000000
IMG/center_20250825_142922_000576.jpg,,,-0.397636,0.050000,0.000000,0.000000
IMG/center_20250825_142922_000577.jpg,,,-0.397636,0.050000,0.000000,0.000000
IMG/center_20250825_142922_000578.jpg,,,-0.397636,0.050000,0.000000,0.000000
IMG/center_20250825_142922_000579.jpg,,,-0.357915,0.050000,0.000000,0.000000
IMG/center_20250825_142922_000580.jpg,,,-0.357915,0.050000,0.000000,0.000000
IMG/center_20250825_142922_000581.jpg,,,-0.357915,0.050000,0.000000,0.000000
IMG/center_20250825_142922_000582.jpg,,,-0.357915,0.050000,0.000000,0.000000
IMG/center_20250825_142922_000583.jpg,,,-0.357915,0.050000,0.000000,0.000000
IMG/center_20250825_142922_000584.jpg,,,-0.357915,0.050000,0.000000,0.000000
IMG/center_20250825_142922_000585.jpg,,,-0.357915,0.050000,0.000000,0.000000
IMG/center_20250825_142922_000586.jpg,,,-0.357915,0.050000,0.000000,0.000000
IMG/center_20250825_142922_000587.jpg,,,-0.357915,0.050000,0.000000,0.000000
IMG/center_20250825_142922_000588.jpg,,,-0.357915,0.050000,0.000000,0.000000
IMG/center_20250825_142922_000589.jpg,,,-0.318181,0.050000,0.000000,0.000000
IMG/center_20250825_142922_000590.jpg,,,-0.278435,0.050000,0.000000,0.000000
IMG/center_20250825_142922_000591.jpg,,,-0.278435,0.050000,0.000000,0.000000
IMG/center_20250825_142922_000592.jpg,,,-0.318181,0.050000,0.000000,0.000000
IMG/center_20250825_142922_000593.jpg,,,-0.318181,0.050000,0.000000,0.000000
IMG/center_20250825_142922_000594.jpg,,,-0.318181,0.050000,0.000000,0.000000
IMG/center_20250825_142922_000595.jpg,,,-0.318181,0.050000,0.000000,0.000000
IMG/center_20250825_142922_000596.jpg,,,-0.278435,0.050000,0.000000,0.000000
IMG/center_20250825_142922_000597.jpg,,,-0.278435,0.050000,0.000000,0.000000
IMG/center_20250825_142922_000598.jpg,,,-0.278435,0.050000,0.000000,0.000000
IMG/center_20250825_142922_000599.jpg,,,-0.278435,0.050000,0.000000,0.000000
IMG/center_20250825_142922_000600.jpg,,,-0.238678,0.050000,0.000000,0.000000
IMG/center_20250825_142922_000601.jpg,,,-0.238678,0.050000,0.000000,0.000000
IMG/center_20250825_142922_000602.jpg,,,-0.238678,0.100000,0.000000,0.000000
IMG/center_20250825_142922_000603.jpg,,,-0.238678,0.100000,0.000000,0.000000
IMG/center_20250825_142922_000604.jpg,,,-0.238678,0.100000,0.000000,0.000000
IMG/center_20250825_142922_000605.jpg,,,-0.238678,0.100000,0.000000,0.000000
IMG/center_20250825_142922_000606.jpg,,,-0.198912,0.150000,0.000000,0.000000
IMG/center_20250825_142922_000607.jpg,,,-0.198912,0.250000,0.000000,0.000000
IMG/center_20250825_142922_000608.jpg,,,-0.198912,0.400000,0.000000,0.000000
IMG/center_20250825_142922_000609.jpg,,,-0.198912,0.550000,0.000000,0.000000
IMG/center_20250825_142922_000610.jpg,,,-0.198912,0.700000,0.000000,0.000000
IMG/center_20250825_142922_000611.jpg,,,-0.159139,0.800000,0.000000,0.000000
IMG/center_20250825_142922_000612.jpg,,,-0.119359,0.950000,0.000000,0.000000
IMG/center_20250825_142922_000613.jpg,,,-0.159139,0.950000,0.000000,0.000000
IMG/center_20250825_142922_000614.jpg,,,-0.159139,0.950000,0.000000,0.000000
IMG/center_20250825_142922_000615.jpg,,,-0.119359,0.950000,0.000000,0.000000
IMG/center_20250825_142922_000616.jpg,,,-0.039788,0.950000,0.000000,0.000000
IMG/center_20250825_142922_000617.jpg,,,-0.039788,0.950000,0.000000,0.000000
IMG/center_20250825_142922_000618.jpg,,,0.000000,0.950000,0.000000,0.000000
IMG/center_20250825_142922_000619.jpg,,,0.000000,0.950000,0.000000,0.000000
IMG/center_20250825_142922_000620.jpg,,,0.000000,0.950000,0.000000,0.000000
IMG/center_20250825_142922_000621.jpg,,,0.000000,0.950000,0.000000,0.000000
IMG/center_20250825_142922_000622.jpg,,,0.039788,0.950000,0.000000,0.000000
IMG/center_20250825_142922_000623.jpg,,,0.039788,0.900000,0.000000,0.000000
IMG/center_20250825_142922_000624.jpg,,,0.039788,0.900000,0.000000,0.000000
IMG/center_20250825_142922_000625.jpg,,,0.000000,0.900000,0.000000,0.000000
IMG/center_20250825_142922_000626.jpg,,,0.039788,0.850000,0.000000,0.000000
IMG/center_20250825_142922_000627.jpg,,,0.039788,0.700000,0.000000,0.000000
IMG/center_20250825_142922_000628.jpg,,,0.079575,0.600000,0.000000,0.000000
IMG/center_20250825_142922_000629.jpg,,,0.079575,0.450000,0.000000,0.000000
IMG/center_20250825_142922_000630.jpg,,,0.039788,0.300000,0.000000,0.000000
IMG/center_20250825_142922_000631.jpg,,,0.039788,0.200000,0.000000,0.000000
IMG/center_20250825_142922_000632.jpg,,,0.039788,0.200000,0.000000,0.000000
IMG/center_20250825_142922_000633.jpg,,,0.039788,0.200000,0.000000,0.000000
IMG/center_20250825_142922_000634.jpg,,,0.039788,0.150000,0.000000,0.000000
IMG/center_20250825_142922_000635.jpg,,,0.039788,0.150000,0.000000,0.000000
IMG/center_20250825_142922_000636.jpg,,,0.039788,0.150000,0.000000,0.000000
IMG/center_20250825_142922_000637.jpg,,,0.039788,0.150000,0.000000,0.000000
IMG/center_20250825_142922_000638.jpg,,,0.039788,0.150000,0.000000,0.000000
IMG/center_20250825_142922_000639.jpg,,,0.039788,0.150000,0.000000,0.000000
IMG/center_20250825_142922_000640.jpg,,,0.039788,0.150000,0.000000,0.000000
IMG/center_20250825_142922_000641.jpg,,,0.039788,0.150000,0.000000,0.000000
IMG/center_20250825_142922_000642.jpg,,,0.000000,0.150000,0.000000,0.000000
IMG/center_20250825_142922_000643.jpg,,,0.000000,0.150000,0.000000,0.000000
IMG/center_20250825_142922_000644.jpg,,,0.000000,0.100000,0.000000,0.000000
IMG/center_20250825_142922_000645.jpg,,,0.000000,0.100000,0.000000,0.000000
IMG/center_20250825_142922_000646.jpg,,,0.000000,0.100000,0.000000,0.000000
IMG/center_20250825_142922_000647.jpg,,,0.000000,0.100000,0.000000,0.000000
IMG/center_20250825_142922_000648.jpg,,,0.000000,0.100000,0.000000,0.000000
IMG/center_20250825_142922_000649.jpg,,,0.000000,0.050000,0.000000,0.000000
IMG/center_20250825_142922_000650.jpg,,,-0.039788,0.050000,0.000000,0.000000
IMG/center_20250825_142922_000651.jpg,,,-0.039788,0.050000,0.000000,0.000000
IMG/center_20250825_142922_000652.jpg,,,-0.039788,0.050000,0.000000,0.000000
IMG/center_20250825_142922_000653.jpg,,,-0.039788,0.050000,0.000000,0.000000
IMG/center_20250825_142922_000654.jpg,,,-0.039788,0.050000,0.000000,0.000000
IMG/center_20250825_142922_000655.jpg,,,-0.039788,0.050000,0.000000,0.000000
IMG/center_20250825_142922_000656.jpg,,,-0.039788,0.050000,0.000000,0.000000
IMG/center_20250825_142922_000657.jpg,,,0.000000,0.050000,0.000000,0.000000
IMG/center_20250825_142922_000658.jpg,,,0.000000,0.050000,0.000000,0.000000
IMG/center_20250825_142922_000659.jpg,,,0.000000,0.050000,0.000000,0.000000
IMG/center_20250825_142922_000660.jpg,,,0.000000,0.050000,0.000000,0.000000
IMG/center_20250825_142922_000661.jpg,,,0.000000,0.050000,0.000000,0.000000
IMG/center_20250825_142922_000662.jpg,,,0.000000,0.050000,0.000000,0.000000
IMG/center_20250825_142922_000663.jpg,,,0.000000,0.050000,0.000000,0.000000
IMG/center_20250825_142922_000664.jpg,,,0.000000,0.050000,0.000000,0.000000
IMG/center_20250825_142922_000665.jpg,,,0.000000,0.050000,0.000000,0.000000
IMG/center_20250825_142922_000666.jpg,,,0.000000,0.050000,0.000000,0.000000
IMG/center_20250825_142922_000667.jpg,,,0.039788,0.050000,0.000000,0.000000
IMG/center_20250825_142922_000668.jpg,,,0.039788,0.050000,0.000000,0.000000
IMG/center_20250825_142922_000669.jpg,,,0.000000,0.050000,0.000000,0.000000
IMG/center_20250825_142922_000670.jpg,,,-0.318181,0.050000,0.000000,0.000000
IMG/center_20250825_142922_000671.jpg,,,-0.793770,0.050000,0.000000,0.000000
IMG/center_20250825_142922_000672.jpg,,,-1.069388,0.050000,0.000000,0.000000
IMG/center_20250825_142922_000673.jpg,,,-0.556353,0.050000,0.000000,0.000000
IMG/center_20250825_142922_000674.jpg,,,0.754267,0.050000,0.000000,0.000000
IMG/center_20250825_142922_000675.jpg,,,0.951475,0.050000,0.000000,0.000000
IMG/center_20250825_142922_000676.jpg,,,0.714734,0.050000,0.000000,0.000000
IMG/center_20250825_142922_000677.jpg,,,-0.159139,0.050000,0.000000,0.000000
IMG/center_20250825_142922_000678.jpg,,,-1.575790,0.050000,0.000000,0.000000
IMG/center_20250825_142922_000679.jpg,,,-2.372852,0.050000,0.000000,0.000000
IMG/center_20250825_142922_000680.jpg,,,-3.346945,0.050000,0.000000,0.000000
IMG/center_20250825_142922_000681.jpg,,,-4.253336,0.050000,0.000000,0.000000
IMG/center_20250825_142922_000682.jpg,,,-4.633207,0.050000,0.000000,0.000000
IMG/center_20250825_142922_000683.jpg,,,-4.664224,0.050000,0.000000,0.000000
IMG/center_20250825_142922_000684.jpg,,,-4.570880,0.050000,0.000000,0.000000
IMG/center_20250825_142922_000685.jpg,,,-4.445046,0.050000,0.000000,0.000000
IMG/center_20250825_142922_000686.jpg,,,-4.413341,0.050000,0.000000,0.000000
IMG/center_20250825_142922_000687.jpg,,,-4.445046,0.050000,0.000000,0.000000
IMG/center_20250825_142922_000688.jpg,,,-4.317634,0.050000,0.000000,0.000000
IMG/center_20250825_142922_000689.jpg,,,-4.025183,0.050000,0.000000,0.000000
IMG/center_20250825_142922_000690.jpg,,,-3.554465,0.050000,0.000000,0.000000
IMG/center_20250825_142922_000691.jpg,,,-3.065014,0.050000,0.000000,0.000000
IMG/center_20250825_142922_000692.jpg,,,1.691407,0.050000,0.000000,0.000000
IMG/center_20250825_142922_000693.jpg,,,2.148224,0.050000,0.000000,0.000000
IMG/center_20250825_142922_000694.jpg,,,0.951475,0.050000,0.000000,0.000000
IMG/center_20250825_142922_000695.jpg,,,-0.635591,0.050000,0.000000,0.000000
IMG/center_20250825_142922_000696.jpg,,,-1.959045,0.050000,0.000000,0.000000
IMG/center_20250825_142922_000697.jpg,,,-4.156148,0.050000,0.000000,0.000000
IMG/center_20250825_142922_000698.jpg,,,-5.117801,0.050000,0.000000,0.000000
IMG/center_20250825_142922_000699.jpg,,,-4.349635,0.050000,0.000000,0.000000
IMG/center_20250825_142922_000700.jpg,,,-3.416497,0.050000,0.000000,0.000000
IMG/center_20250825_142922_000701.jpg,,,-2.260875,0.050000,0.000000,0.000000
IMG/center_20250825_142922_000702.jpg,,,-0.635591,0.050000,0.000000,0.000000
IMG/center_20250825_142922_000703.jpg,,,1.343077,0.050000,0.000000,0.000000
IMG/center_20250825_142922_000704.jpg,,,4.570880,0.050000,0.000000,0.000000
IMG/center_20250825_142922_000705.jpg,,,3.724768,0.050000,0.000000,0.000000
IMG/center_20250825_142922_000706.jpg,,,2.704516,0.050000,0.000000,0.000000
IMG/center_20250825_142922_000707.jpg,,,-2.372852,0.050000,0.000000,0.000000
IMG/center_20250825_142922_000708.jpg,,,-2.849763,0.050000,0.000000,0.000000
IMG/center_20250825_142922_000709.jpg,,,-3.277017,0.050000,0.000000,0.000000
IMG/center_20250825_142922_000710.jpg,,,-3.312027,0.050000,0.000000,0.000000
IMG/center_20250825_142922_000711.jpg,,,-2.921867,0.050000,0.000000,0.000000
IMG/center_20250825_142922_000712.jpg,,,-2.034925,0.050000,0.000000,0.000000
IMG/center_20250825_142922_000713.jpg,,,1.459669,0.050000,0.000000,0.000000
IMG/center_20250825_142922_000714.jpg,,,1.575790,0.050000,0.000000,0.000000
IMG/center_20250825_142922_000715.jpg,,,1.768189,0.050000,0.000000,0.000000
IMG/center_20250825_142922_000716.jpg,,,-1.498430,0.050000,0.000000,0.000000
IMG/center_20250825_142922_000717.jpg,,,-1.614386,0.050000,0.000000,0.000000
IMG/center_20250825_142922_000718.jpg,,,-1.768189,0.050000,0.000000,0.000000
IMG/center_20250825_142922_000719.jpg,,,-1.729828,0.050000,0.000000,0.000000
IMG/center_20250825_142922_000720.jpg,,,-0.990817,0.050000,0.000000,0.000000
IMG/center_20250825_142922_000721.jpg,,,0.318181,0.050000,0.000000,0.000000
IMG/center_20250825_142922_000722.jpg,,,0.951475,0.050000,0.000000,0.000000
IMG/center_20250825_142922_000723.jpg,,,1.108615,0.050000,0.000000,0.000000
IMG/center_20250825_142922_000724.jpg,,,1.147802,0.050000,0.000000,0.000000
IMG/center_20250825_142922_000725.jpg,,,1.030121,0.050000,0.000000,0.000000
IMG/center_20250825_142922_000726.jpg,,,0.198912,0.050000,0.000000,0.000000
IMG/center_20250825_142922_000727.jpg,,,-0.675176,0.050000,0.000000,0.000000
IMG/center_20250825_142922_000728.jpg,,,-0.990817,0.050000,0.000000,0.000000
IMG/center_20250825_142922_000729.jpg,,,-1.147802,0.050000,0.000000,0.000000
IMG/center_20250825_142922_000730.jpg,,,-0.990817,0.050000,0.000000,0.000000
IMG/center_20250825_142922_000731.jpg,,,-0.119359,0.050000,0.000000,0.000000
IMG/center_20250825_142922_000732.jpg,,,0.595983,0.050000,0.000000,0.000000
IMG/center_20250825_142922_000733.jpg,,,0.912098,0.050000,0.000000,0.000000
IMG/center_20250825_142922_000734.jpg,,,1.030121,0.050000,0.000000,0.000000
IMG/center_20250825_142922_000735.jpg,,,1.108615,0.050000,0.000000,0.000000
IMG/center_20250825_142922_000736.jpg,,,0.635591,0.050000,0.000000,0.000000
IMG/center_20250825_142922_000737.jpg,,,-0.278435,0.050000,0.000000,0.000000
IMG/center_20250825_142922_000738.jpg,,,-0.556353,0.050000,0.000000,0.000000
IMG/center_20250825_142922_000739.jpg,,,-0.675176,0.050000,0.000000,0.000000
IMG/center_20250825_142922_000740.jpg,,,-0.754267,0.050000,0.000000,0.000000
IMG/center_20250825_142922_000741.jpg,,,-0.477030,0.050000,0.000000,0.000000
IMG/center_20250825_142922_000742.jpg,,,-0.039788,0.050000,0.000000,0.000000
IMG/center_20250825_142922_000743.jpg,,,0.000000,0.050000,0.000000,0.000000
IMG/center_20250825_142922_000744.jpg,,,0.119359,0.050000,0.000000,0.000000
IMG/center_20250825_142922_000745.jpg,,,0.159139,0.050000,0.000000,0.000000
IMG/center_20250825_142922_000746.jpg,,,0.159139,0.050000,0.000000,0.000000
IMG/center_20250825_142922_000747.jpg,,,0.159139,0.050000,0.000000,0.000000
IMG/center_20250825_142922_000748.jpg,,,0.159139,0.050000,0.000000,0.000000
IMG/center_20250825_142922_000749.jpg,,,0.159139,0.050000,0.000000,0.000000
IMG/center_20250825_142922_000750.jpg,,,0.119359,0.050000,0.000000,0.000000
IMG/center_20250825_142922_000751.jpg,,,0.119359,0.050000,0.000000,0.000000
IMG/center_20250825_142922_000752.jpg,,,0.119359,0.050000,0.000000,0.000000
IMG/center_20250825_142922_000753.jpg,,,0.119359,0.050000,0.000000,0.000000
IMG/center_20250825_142922_000754.jpg,,,0.079575,0.050000,0.000000,0.000000
IMG/center_20250825_142922_000755.jpg,,,0.079575,0.050000,0.000000,0.000000
IMG/center_20250825_142922_000756.jpg,,,0.079575,0.050000,0.000000,0.000000
IMG/center_20250825_142922_000757.jpg,,,0.079575,0.050000,0.000000,0.000000
IMG/center_20250825_142922_000758.jpg,,,0.079575,0.050000,0.000000,0.000000
IMG/center_20250825_142922_000759.jpg,,,0.079575,0.050000,0.000000,0.000000
IMG/center_20250825_142922_000760.jpg,,,0.079575,0.050000,0.000000,0.000000
IMG/center_20250825_142922_000761.jpg,,,0.039788,0.050000,0.000000,0.000000
IMG/center_20250825_142922_000762.jpg,,,0.039788,0.050000,0.000000,0.000000
IMG/center_20250825_142922_000763.jpg,,,0.039788,0.050000,0.000000,0.000000
IMG/center_20250825_142922_000764.jpg,,,0.039788,0.050000,0.000000,0.000000
IMG/center_20250825_142922_000765.jpg,,,0.039788,0.050000,0.000000,0.000000
IMG/center_20250825_142922_000766.jpg,,,0.039788,0.050000,0.000000,0.000000
IMG/center_20250825_142922_000767.jpg,,,0.039788,0.050000,0.000000,0.000000
IMG/center_20250825_142922_000768.jpg,,,0.039788,0.050000,0.000000,0.000000
IMG/center_20250825_142922_000769.jpg,,,0.039788,0.050000,0.000000,0.000000
IMG/center_20250825_142922_000770.jpg,,,0.039788,0.050000,0.000000,0.000000
IMG/center_20250825_142922_000771.jpg,,,0.039788,0.050000,0.000000,0.000000
IMG/center_20250825_142922_000772.jpg,,,0.039788,0.050000,0.000000,0.000000
IMG/center_20250825_142922_000773.jpg,,,0.039788,0.050000,0.000000,0.000000
IMG/center_20250825_142922_000774.jpg,,,0.039788,0.050000,0.000000,0.000000
IMG/center_20250825_142922_000775.jpg,,,0.039788,0.050000,0.000000,0.000000
IMG/center_20250825_142922_000776.jpg,,,0.000000,0.050000,0.000000,0.000000
IMG/center_20250825_142922_000777.jpg,,,0.000000,0.050000,0.000000,0.000000
IMG/center_20250825_142922_000778.jpg,,,0.000000,0.050000,0.000000,0.000000
IMG/center_20250825_142922_000779.jpg,,,0.000000,0.100000,0.000000,0.000000
IMG/center_20250825_142922_000780.jpg,,,0.000000,0.150000,0.000000,0.000000
IMG/center_20250825_142922_000781.jpg,,,0.000000,0.150000,0.000000,0.000000
IMG/center_20250825_142922_000782.jpg,,,0.000000,0.150000,0.000000,0.000000
IMG/center_20250825_142922_000783.jpg,,,0.000000,0.150000,0.000000,0.000000
IMG/center_20250825_142922_000784.jpg,,,0.000000,0.150000,0.000000,0.000000
IMG/center_20250825_142922_000785.jpg,,,0.000000,0.150000,0.000000,0.000000
IMG/center_20250825_142922_000786.jpg,,,0.000000,0.150000,0.000000,0.000000
IMG/center_20250825_142922_000787.jpg,,,0.000000,0.150000,0.000000,0.000000
IMG/center_20250825_142922_000788.jpg,,,0.000000,0.150000,0.000000,0.000000
IMG/center_20250825_142922_000789.jpg,,,0.000000,0.150000,0.000000,0.000000
IMG/center_20250825_142922_000790.jpg,,,0.000000,0.200000,0.000000,0.000000
IMG/center_20250825_142922_000791.jpg,,,0.000000,0.200000,0.000000,0.000000
IMG/center_20250825_142922_000792.jpg,,,0.000000,0.250000,0.000000,0.000000
IMG/center_20250825_142922_000793.jpg,,,0.000000,0.300000,0.000000,0.000000
IMG/center_20250825_142922_000794.jpg,,,0.000000,0.300000,0.000000,0.000000
IMG/center_20250825_142922_000795.jpg,,,0.000000,0.300000,0.000000,0.000000
IMG/center_20250825_142922_000796.jpg,,,0.039788,0.300000,0.000000,0.000000
IMG/center_20250825_142922_000797.jpg,,,0.039788,0.300000,0.000000,0.000000
IMG/center_20250825_142922_000798.jpg,,,0.000000,0.300000,0.000000,0.000000
IMG/center_20250825_142922_000799.jpg,,,0.039788,0.300000,0.000000,0.000000
IMG/center_20250825_142922_000800.jpg,,,0.039788,0.250000,0.000000,0.000000
IMG/center_20250825_142922_000801.jpg,,,0.039788,0.200000,0.000000,0.000000
IMG/center_20250825_142922_000802.jpg,,,0.000000,0.200000,0.000000,0.000000
IMG/center_20250825_142922_000803.jpg,,,0.000000,0.200000,0.000000,0.000000
IMG/center_20250825_142922_000804.jpg,,,0.000000,0.150000,0.000000,0.000000
IMG/center_20250825_142922_000805.jpg,,,0.000000,0.150000,0.000000,0.000000
IMG/center_20250825_142922_000806.jpg,,,0.000000,0.100000,0.000000,0.000000
IMG/center_20250825_142922_000807.jpg,,,0.000000,0.100000,0.000000,0.000000
IMG/center_20250825_142922_000808.jpg,,,0.000000,0.100000,0.000000,0.000000
IMG/center_20250825_142922_000809.jpg,,,0.039788,0.100000,0.000000,0.000000
IMG/center_20250825_142922_000810.jpg,,,0.039788,0.050000,0.000000,0.000000
IMG/center_20250825_142922_000811.jpg,,,0.039788,0.050000,0.000000,0.000000
IMG/center_20250825_142922_000812.jpg,,,0.039788,0.050000,0.000000,0.000000
IMG/center_20250825_142922_000813.jpg,,,0.000000,0.050000,0.000000,0.000000
IMG/center_20250825_142922_000814.jpg,,,0.000000,0.050000,0.000000,0.000000
IMG/center_20250825_142922_000815.jpg,,,0.000000,0.050000,0.000000,0.000000
IMG/center_20250825_142922_000816.jpg,,,0.000000,0.050000,0.000000,0.000000
IMG/center_20250825_142922_000817.jpg,,,0.000000,0.050000,0.000000,0.000000
IMG/center_20250825_142922_000818.jpg,,,0.000000,0.050000,0.000000,0.000000
IMG/center_20250825_142922_000819.jpg,,,0.000000,0.050000,0.000000,0.000000
IMG/center_20250825_142922_000820.jpg,,,0.000000,0.050000,0.000000,0.000000
IMG/center_20250825_142922_000821.jpg,,,0.000000,0.050000,0.000000,0.000000
IMG/center_20250825_142922_000822.jpg,,,0.039788,0.050000,0.000000,0.000000
IMG/center_20250825_142922_000823.jpg,,,0.039788,0.050000,0.000000,0.000000
IMG/center_20250825_142922_000824.jpg,,,0.000000,0.050000,0.000000,0.000000
IMG/center_20250825_142922_000825.jpg,,,0.000000,0.050000,0.000000,0.000000
IMG/center_20250825_142922_000826.jpg,,,0.000000,0.050000,0.000000,0.000000
IMG/center_20250825_142922_000827.jpg,,,0.000000,0.050000,0.000000,0.000000
IMG/center_20250825_142922_000828.jpg,,,0.000000,0.050000,0.000000,0.000000
IMG/center_20250825_142922_000829.jpg,,,0.000000,0.050000,0.000000,0.000000
IMG/center_20250825_142922_000830.jpg,,,0.000000,0.050000,0.000000,0.000000
IMG/center_20250825_142922_000831.jpg,,,0.000000,0.050000,0.000000,0.000000
IMG/center_20250825_142922_000832.jpg,,,0.000000,0.050000,0.000000,0.000000
IMG/center_20250825_142922_000833.jpg,,,0.039788,0.050000,0.000000,0.000000
IMG/center_20250825_142922_000834.jpg,,,0.039788,0.050000,0.000000,0.000000
IMG/center_20250825_142922_000835.jpg,,,0.000000,0.050000,0.000000,0.000000
IMG/center_20250825_142922_000836.jpg,,,0.000000,0.050000,0.000000,0.000000
IMG/center_20250825_142922_000837.jpg,,,0.000000,0.050000,0.000000,0.000000
IMG/center_20250825_142922_000838.jpg,,,0.000000,0.050000,0.000000,0.000000
IMG/center_20250825_142922_000839.jpg,,,0.000000,0.050000,0.000000,0.000000
IMG/center_20250825_142922_000840.jpg,,,0.000000,0.050000,0.000000,0.000000
IMG/center_20250825_142922_000841.jpg,,,0.000000,0.050000,0.000000,0.000000
IMG/center_20250825_142922_000842.jpg,,,0.000000,0.050000,0.000000,0.000000
IMG/center_20250825_142922_000843.jpg,,,0.000000,0.050000,0.000000,0.000000
IMG/center_20250825_142922_000844.jpg,,,0.000000,0.050000,0.000000,0.000000
IMG/center_20250825_142922_000845.jpg,,,0.000000,0.050000,0.000000,0.000000
IMG/center_20250825_142922_000846.jpg,,,0.039788,0.050000,0.000000,0.000000
IMG/center_20250825_142922_000847.jpg,,,0.039788,0.050000,0.000000,0.000000
IMG/center_20250825_142922_000848.jpg,,,0.000000,0.050000,0.000000,0.000000
IMG/center_20250825_142922_000849.jpg,,,0.000000,0.050000,0.000000,0.000000
IMG/center_20250825_142922_000850.jpg,,,0.000000,0.050000,0.000000,0.000000
IMG/center_20250825_142922_000851.jpg,,,0.000000,0.050000,0.000000,0.000000
IMG/center_20250825_142922_000852.jpg,,,0.000000,0.050000,0.000000,0.000000
IMG/center_20250825_142922_000853.jpg,,,0.000000,0.050000,0.000000,0.000000
IMG/center_20250825_142922_000854.jpg,,,0.000000,0.050000,0.000000,0.000000
IMG/center_20250825_142922_000855.jpg,,,0.000000,0.050000,0.000000,0.000000
IMG/center_20250825_142922_000856.jpg,,,0.000000,0.050000,0.000000,0.000000
IMG/center_20250825_142922_000857.jpg,,,0.000000,0.050000,0.000000,0.000000
IMG/center_20250825_142922_000858.jpg,,,0.000000,0.050000,0.000000,0.000000
IMG/center_20250825_142922_000859.jpg,,,0.000000,0.050000,0.000000,0.000000
IMG/center_20250825_142922_000860.jpg,,,0.000000,0.050000,0.000000,0.000000
IMG/center_20250825_142922_000861.jpg,,,0.000000,0.050000,0.000000,0.000000
IMG/center_20250825_142922_000862.jpg,,,0.000000,0.050000,0.000000,0.000000
IMG/center_20250825_142922_000863.jpg,,,0.039788,0.050000,0.000000,0.000000
IMG/center_20250825_142922_000864.jpg,,,0.039788,0.050000,0.000000,0.000000
IMG/center_20250825_142922_000865.jpg,,,0.039788,0.050000,0.000000,0.000000
IMG/center_20250825_142922_000866.jpg,,,0.000000,0.050000,0.000000,0.000000
IMG/center_20250825_142922_000867.jpg,,,0.000000,0.050000,0.000000,0.000000
IMG/center_20250825_142922_000868.jpg,,,0.000000,0.050000,0.000000,0.000000
IMG/center_20250825_142922_000869.jpg,,,0.000000,0.050000,0.000000,0.000000
IMG/center_20250825_142922_000870.jpg,,,0.000000,0.050000,0.000000,0.000000
IMG/center_20250825_142922_000871.jpg,,,0.000000,0.050000,0.000000,0.000000
IMG/center_20250825_142922_000872.jpg,,,0.000000,0.050000,0.000000,0.000000
IMG/center_20250825_142922_000873.jpg,,,0.000000,0.050000,0.000000,0.000000
IMG/center_20250825_142922_000874.jpg,,,0.000000,0.050000,0.000000,0.000000
IMG/center_20250825_142922_000875.jpg,,,0.000000,0.050000,0.000000,0.000000
IMG/center_20250825_142922_000876.jpg,,,0.000000,0.050000,0.000000,0.000000
IMG/center_20250825_142922_000877.jpg,,,0.000000,0.050000,0.000000,0.000000
IMG/center_20250825_142922_000878.jpg,,,0.000000,0.050000,0.000000,0.000000
IMG/center_20250825_142922_000879.jpg,,,0.000000,0.050000,0.000000,0.000000
IMG/center_20250825_142922_000880.jpg,,,0.000000,0.050000,0.000000,0.000000
IMG/center_20250825_142922_000881.jpg,,,0.000000,0.050000,0.000000,0.000000
IMG/center_20250825_142922_000882.jpg,,,0.000000,0.050000,0.000000,0.000000
IMG/center_20250825_142922_000883.jpg,,,0.000000,0.050000,0.000000,0.000000
IMG/center_20250825_142922_000884.jpg,,,-0.039788,0.050000,0.000000,0.000000
IMG/center_20250825_142922_000885.jpg,,,-0.039788,0.050000,0.000000,0.000000
IMG/center_20250825_142922_000886.jpg,,,-0.039788,0.050000,0.000000,0.000000
IMG/center_20250825_142922_000887.jpg,,,-0.119359,0.050000,0.000000,0.000000
IMG/center_20250825_142922_000888.jpg,,,-0.159139,0.050000,0.000000,0.000000
IMG/center_20250825_142922_000889.jpg,,,-0.159139,0.050000,0.000000,0.000000
IMG/center_20250825_142922_000890.jpg,,,-0.198912,0.050000,0.000000,0.000000
IMG/center_20250825_142922_000891.jpg,,,-0.238678,0.050000,0.000000,0.000000
IMG/center_20250825_142922_000892.jpg,,,-0.238678,0.050000,0.000000,0.000000
IMG/center_20250825_142922_000893.jpg,,,-0.238678,0.050000,0.000000,0.000000
IMG/center_20250825_142922_000894.jpg,,,-0.238678,0.050000,0.000000,0.000000
IMG/center_20250825_142922_000895.jpg,,,-0.238678,0.050000,0.000000,0.000000
IMG/center_20250825_142922_000896.jpg,,,-0.198912,0.050000,0.000000,0.000000
IMG/center_20250825_142922_000897.jpg,,,-0.198912,0.050000,0.000000,0.000000
IMG/center_20250825_142922_000898.jpg,,,-0.238678,0.050000,0.000000,0.000000
IMG/center_20250825_142922_000899.jpg,,,-0.238678,0.050000,0.000000,0.000000
IMG/center_20250825_142922_000900.jpg,,,-0.238678,0.050000,0.000000,0.000000
IMG/center_20250825_142922_000901.jpg,,,-0.238678,0.050000,0.000000,0.000000
IMG/center_20250825_142922_000902.jpg,,,-0.238678,0.050000,0.000000,0.000000
IMG/center_20250825_142922_000903.jpg,,,-0.238678,0.050000,0.000000,0.000000
IMG/center_20250825_142922_000904.jpg,,,-0.238678,0.050000,0.000000,0.000000
IMG/center_20250825_142922_000905.jpg,,,-0.238678,0.050000,0.000000,0.000000
IMG/center_20250825_142922_000906.jpg,,,-0.278435,0.050000,0.000000,0.000000
IMG/center_20250825_142922_000907.jpg,,,-0.278435,0.050000,0.000000,0.000000
IMG/center_20250825_142922_000908.jpg,,,-0.278435,0.050000,0.000000,0.000000
IMG/center_20250825_142922_000909.jpg,,,-0.238678,0.050000,0.000000,0.000000
IMG/center_20250825_142922_000910.jpg,,,-0.278435,0.050000,0.000000,0.000000
IMG/center_20250825_142922_000911.jpg,,,-0.278435,0.050000,0.000000,0.000000
IMG/center_20250825_142922_000912.jpg,,,-0.278435,0.050000,0.000000,0.000000
IMG/center_20250825_142922_000913.jpg,,,-0.278435,0.050000,0.000000,0.000000
IMG/center_20250825_142922_000914.jpg,,,-0.278435,0.050000,0.000000,0.000000
IMG/center_20250825_142922_000915.jpg,,,-0.278435,0.050000,0.000000,0.000000
IMG/center_20250825_142922_000916.jpg,,,-0.278435,0.050000,0.000000,0.000000
IMG/center_20250825_142922_000917.jpg,,,-0.278435,0.050000,0.000000,0.000000
IMG/center_20250825_142922_000918.jpg,,,-0.278435,0.050000,0.000000,0.000000
IMG/center_20250825_142922_000919.jpg,,,-0.318181,0.050000,0.000000,0.000000
IMG/center_20250825_142922_000920.jpg,,,-0.318181,0.050000,0.000000,0.000000
IMG/center_20250825_142922_000921.jpg,,,-0.318181,0.050000,0.000000,0.000000
IMG/center_20250825_142922_000922.jpg,,,-0.318181,0.050000,0.000000,0.000000
IMG/center_20250825_142922_000923.jpg,,,-0.318181,0.050000,0.000000,0.000000
IMG/center_20250825_142922_000924.jpg,,,-0.318181,0.050000,0.000000,0.000000
IMG/center_20250825_142922_000925.jpg,,,-0.318181,0.050000,0.000000,0.000000
IMG/center_20250825_142922_000926.jpg,,,-0.318181,0.050000,0.000000,0.000000
IMG/center_20250825_142922_000927.jpg,,,-0.357915,0.050000,0.000000,0.000000
IMG/center_20250825_142922_000928.jpg,,,-0.357915,0.050000,0.000000,0.000000
IMG/center_20250825_142922_000929.jpg,,,-0.357915,0.050000,0.000000,0.000000
IMG/center_20250825_142922_000930.jpg,,,-0.357915,0.050000,0.000000,0.000000
IMG/center_20250825_142922_000931.jpg,,,-0.357915,0.050000,0.000000,0.000000
IMG/center_20250825_142922_000932.jpg,,,-0.357915,0.050000,0.000000,0.000000
IMG/center_20250825_142922_000933.jpg,,,-0.357915,0.050000,0.000000,0.000000
IMG/center_20250825_142922_000934.jpg,,,-0.397636,0.050000,0.000000,0.000000
IMG/center_20250825_142922_000935.jpg,,,-0.437341,0.050000,0.000000,0.000000
IMG/center_20250825_142922_000936.jpg,,,-0.437341,0.050000,0.000000,0.000000
IMG/center_20250825_142922_000937.jpg,,,-0.437341,0.050000,0.000000,0.000000
IMG/center_20250825_142922_000938.jpg,,,-0.397636,0.050000,0.000000,0.000000
IMG/center_20250825_142922_000939.jpg,,,-0.397636,0.050000,0.000000,0.000000
IMG/center_20250825_142922_000940.jpg,,,-0.437341,0.050000,0.000000,0.000000
IMG/center_20250825_142922_000941.jpg,,,-0.437341,0.050000,0.000000,0.000000
IMG/center_20250825_142922_000942.jpg,,,-0.516701,0.050000,0.000000,0.000000
IMG/center_20250825_142922_000943.jpg,,,-0.516701,0.050000,0.000000,0.000000
IMG/center_20250825_142922_000944.jpg,,,-0.477030,0.050000,0.000000,0.000000
IMG/center_20250825_142922_000945.jpg,,,-0.477030,0.050000,0.000000,0.000000
IMG/center_20250825_142922_000946.jpg,,,-0.477030,0.050000,0.000000,0.000000
IMG/center_20250825_142922_000947.jpg,,,-0.516701,0.050000,0.000000,0.000000
IMG/center_20250825_142922_000948.jpg,,,-0.516701,0.050000,0.000000,0.000000
IMG/center_20250825_142922_000949.jpg,,,-0.477030,0.050000,0.000000,0.000000
IMG/center_20250825_142922_000950.jpg,,,-0.437341,0.050000,0.000000,0.000000
IMG/center_20250825_142922_000951.jpg,,,-0.397636,0.050000,0.000000,0.000000
IMG/center_20250825_142922_000952.jpg,,,-0.437341,0.050000,0.000000,0.000000
IMG/center_20250825_142922_000953.jpg,,,-0.437341,0.050000,0.000000,0.000000
IMG/center_20250825_142922_000954.jpg,,,-0.437341,0.050000,0.000000,0.000000
IMG/center_20250825_142922_000955.jpg,,,-0.397636,0.050000,0.000000,0.000000
IMG/center_20250825_142922_000956.jpg,,,-0.357915,0.050000,0.000000,0.000000
IMG/center_20250825_142922_000957.jpg,,,-0.397636,0.050000,0.000000,0.000000
IMG/center_20250825_142922_000958.jpg,,,-0.397636,0.050000,0.000000,0.000000
IMG/center_20250825_142922_000959.jpg,,,-0.397636,0.050000,0.000000,0.000000
IMG/center_20250825_142922_000960.jpg,,,-0.397636,0.050000,0.000000,0.000000
IMG/center_20250825_142922_000961.jpg,,,-0.397636,0.050000,0.000000,0.000000
IMG/center_20250825_142922_000962.jpg,,,-0.357915,0.050000,0.000000,0.000000
IMG/center_20250825_142922_000963.jpg,,,-0.357915,0.050000,0.000000,0.000000
IMG/center_20250825_142922_000964.jpg,,,-0.397636,0.050000,0.000000,0.000000
IMG/center_20250825_142922_000965.jpg,,,-0.397636,0.050000,0.000000,0.000000
IMG/center_20250825_142922_000966.jpg,,,-0.397636,0.050000,0.000000,0.000000
IMG/center_20250825_142922_000967.jpg,,,-0.397636,0.050000,0.000000,0.000000
IMG/center_20250825_142922_000968.jpg,,,-0.397636,0.050000,0.000000,0.000000
IMG/center_20250825_142922_000969.jpg,,,-0.397636,0.050000,0.000000,0.000000
IMG/center_20250825_142922_000970.jpg,,,-0.357915,0.050000,0.000000,0.000000
IMG/center_20250825_142922_000971.jpg,,,-0.357915,0.050000,0.000000,0.000000
IMG/center_20250825_142922_000972.jpg,,,-0.397636,0.050000,0.000000,0.000000
IMG/center_20250825_142922_000973.jpg,,,-0.397636,0.050000,0.000000,0.000000
IMG/center_20250825_142922_000974.jpg,,,-0.397636,0.050000,0.000000,0.000000
IMG/center_20250825_142922_000975.jpg,,,-0.397636,0.050000,0.000000,0.000000
IMG/center_20250825_142922_000976.jpg,,,-0.397636,0.050000,0.000000,0.000000
IMG/center_20250825_142922_000977.jpg,,,-0.397636,0.050000,0.000000,0.000000
IMG/center_20250825_142922_000978.jpg,,,-0.397636,0.050000,0.000000,0.000000
IMG/center_20250825_142922_000979.jpg,,,-0.397636,0.050000,0.000000,0.000000
IMG/center_20250825_142922_000980.jpg,,,-0.437341,0.050000,0.000000,0.000000
IMG/center_20250825_142922_000981.jpg,,,-0.397636,0.050000,0.000000,0.000000
IMG/center_20250825_142922_000982.jpg,,,-0.357915,0.050000,0.000000,0.000000
IMG/center_20250825_142922_000983.jpg,,,-0.397636,0.050000,0.000000,0.000000
IMG/center_20250825_142922_000984.jpg,,,-0.397636,0.050000,0.000000,0.000000
IMG/center_20250825_142922_000985.jpg,,,-0.397636,0.050000,0.000000,0.000000
IMG/center_20250825_142922_000986.jpg,,,-0.397636,0.050000,0.000000,0.000000
IMG/center_20250825_142922_000987.jpg,,,-0.397636,0.050000,0.000000,0.000000
IMG/center_20250825_142922_000988.jpg,,,-0.397636,0.050000,0.000000,0.000000
IMG/center_20250825_142922_000989.jpg,,,-0.397636,0.050000,0.000000,0.000000
IMG/center_20250825_142922_000990.jpg,,,-0.397636,0.050000,0.000000,0.000000
IMG/center_20250825_142922_000991.jpg,,,-0.397636,0.050000,0.000000,0.000000
IMG/center_20250825_142922_000992.jpg,,,-0.397636,0.050000,0.000000,0.000000
IMG/center_20250825_142922_000993.jpg,,,-0.397636,0.050000,0.000000,0.000000
IMG/center_20250825_142922_000994.jpg,,,-0.397636,0.050000,0.000000,0.000000
IMG/center_20250825_142922_000995.jpg,,,-0.397636,0.050000,0.000000,0.000000
IMG/center_20250825_142922_000996.jpg,,,-0.357915,0.050000,0.000000,0.000000
IMG/center_20250825_142922_000997.jpg,,,-0.357915,0.050000,0.000000,0.000000
IMG/center_20250825_142922_000998.jpg,,,0.039788,0.050000,0.000000,0.000000
IMG/center_20250825_142922_000999.jpg,,,0.039788,0.050000,0.000000,0.000000
IMG/center_20250825_142922_001000.jpg,,,0.039788,0.050000,0.000000,0.000000
IMG/center_20250825_142922_001001.jpg,,,0.039788,0.050000,0.000000,0.000000
IMG/center_20250825_142922_001002.jpg,,,0.039788,0.050000,0.000000,0.000000
IMG/center_20250825_142922_001003.jpg,,,0.039788,0.050000,0.000000,0.000000
IMG/center_20250825_142922_001004.jpg,,,0.039788,0.050000,0.000000,0.000000
IMG/center_20250825_142922_001005.jpg,,,0.039788,0.050000,0.000000,0.000000
IMG/center_20250825_142922_001006.jpg,,,0.039788,0.050000,0.000000,0.000000
IMG/center_20250825_142922_001007.jpg,,,0.039788,0.050000,0.000000,0.000000
IMG/center_20250825_142922_001008.jpg,,,0.039788,0.050000,0.000000,0.000000
IMG/center_20250825_142922_001009.jpg,,,0.039788,0.050000,0.000000,0.000000
IMG/center_20250825_142922_001010.jpg,,,0.039788,0.050000,0.000000,0.000000
IMG/center_20250825_142922_001011.jpg,,,0.000000,0.050000,0.000000,0.000000
IMG/center_20250825_142922_001012.jpg,,,0.000000,0.050000,0.000000,0.000000
IMG/center_20250825_142922_001013.jpg,,,0.000000,0.050000,0.000000,0.000000
IMG/center_20250825_142922_001014.jpg,,,0.000000,0.050000,0.000000,0.000000
IMG/center_20250825_142922_001015.jpg,,,0.000000,0.050000,0.000000,0.000000
IMG/center_20250825_142922_001016.jpg,,,0.000000,0.050000,0.000000,0.000000
IMG/center_20250825_142922_001017.jpg,,,0.000000,0.050000,0.000000,0.000000
IMG/center_20250825_142922_001018.jpg,,,0.000000,0.050000,0.000000,0.000000
IMG/center_20250825_142922_001019.jpg,,,0.000000,0.050000,0.000000,0.000000
IMG/center_20250825_142922_001020.jpg,,,0.000000,0.050000,0.000000,0.000000
IMG/center_20250825_142922_001021.jpg,,,0.000000,0.050000,0.000000,0.000000
IMG/center_20250825_142922_001022.jpg,,,0.000000,0.050000,0.000000,0.000000
IMG/center_20250825_142922_001023.jpg,,,0.000000,0.050000,0.000000,0.000000
IMG/center_20250825_142922_001024.jpg,,,0.000000,0.050000,0.000000,0.000000
IMG/center_20250825_142922_001025.jpg,,,0.000000,0.050000,0.000000,0.000000
IMG/center_20250825_142922_001026.jpg,,,0.000000,0.050000,0.000000,0.000000
IMG/center_20250825_142922_001027.jpg,,,0.000000,0.050000,0.000000,0.000000
IMG/center_20250825_142922_001028.jpg,,,0.000000,0.050000,0.000000,0.000000
IMG/center_20250825_142922_001029.jpg,,,0.000000,0.050000,0.000000,0.000000
IMG/center_20250825_142922_001030.jpg,,,0.000000,0.050000,0.000000,0.000000
IMG/center_20250825_142922_001031.jpg,,,0.000000,0.050000,0.000000,0.000000
IMG/center_20250825_142922_001032.jpg,,,0.000000,0.050000,0.000000,0.000000
IMG/center_20250825_142922_001033.jpg,,,0.000000,0.050000,0.000000,0.000000
IMG/center_20250825_142922_001034.jpg,,,0.000000,0.050000,0.000000,0.000000
IMG/center_20250825_142922_001035.jpg,,,0.000000,0.050000,0.000000,0.000000
IMG/center_20250825_142922_001036.jpg,,,0.000000,0.050000,0.000000,0.000000
IMG/center_20250825_142922_001037.jpg,,,0.000000,0.050000,0.000000,0.000000
IMG/center_20250825_142922_001038.jpg,,,0.000000,0.050000,0.000000,0.000000
IMG/center_20250825_142922_001039.jpg,,,0.000000,0.050000,0.000000,0.000000
IMG/center_20250825_142922_001040.jpg,,,0.000000,0.050000,0.000000,0.000000
IMG/center_20250825_142922_001041.jpg,,,0.000000,0.050000,0.000000,0.000000
IMG/center_20250825_142922_001042.jpg,,,0.000000,0.050000,0.000000,0.000000
IMG/center_20250825_142922_001043.jpg,,,-0.039788,0.050000,0.000000,0.000000
IMG/center_20250825_142922_001044.jpg,,,-0.119359,0.050000,0.000000,0.000000
IMG/center_20250825_142922_001045.jpg,,,-0.238678,0.050000,0.000000,0.000000
IMG/center_20250825_142922_001046.jpg,,,-0.397636,0.050000,0.000000,0.000000
IMG/center_20250825_142922_001047.jpg,,,-0.477030,0.050000,0.000000,0.000000
IMG/center_20250825_142922_001048.jpg,,,-0.477030,0.050000,0.000000,0.000000
IMG/center_20250825_142922_001049.jpg,,,-0.437341,0.050000,0.000000,0.000000
IMG/center_20250825_142922_001050.jpg,,,-0.397636,0.050000,0.000000,0.000000
IMG/center_20250825_142922_001051.jpg,,,-0.437341,0.050000,0.000000,0.000000
IMG/center_20250825_142922_001052.jpg,,,-0.477030,0.050000,0.000000,0.000000
IMG/center_20250825_142922_001053.jpg,,,-0.477030,0.050000,0.000000,0.000000
IMG/center_20250825_142922_001054.jpg,,,-0.516701,0.050000,0.000000,0.000000
IMG/center_20250825_142922_001055.jpg,,,-0.516701,0.050000,0.000000,0.000000
IMG/center_20250825_142922_001056.jpg,,,-0.477030,0.050000,0.000000,0.000000
IMG/center_20250825_142922_001057.jpg,,,-0.477030,0.050000,0.000000,0.000000
IMG/center_20250825_142922_001058.jpg,,,-0.516701,0.050000,0.000000,0.000000
IMG/center_20250825_142922_001059.jpg,,,-0.516701,0.050000,0.000000,0.000000
IMG/center_20250825_142922_001060.jpg,,,-0.516701,0.050000,0.000000,0.000000
IMG/center_20250825_142922_001061.jpg,,,-0.556353,0.050000,0.000000,0.000000
IMG/center_20250825_142922_001062.jpg,,,-0.516701,0.050000,0.000000,0.000000
IMG/center_20250825_142922_001063.jpg,,,-0.516701,0.050000,0.000000,0.000000
IMG/center_20250825_142922_001064.jpg,,,-0.516701,0.050000,0.000000,0.000000
IMG/center_20250825_142922_001065.jpg,,,-0.516701,0.050000,0.000000,0.000000
IMG/center_20250825_142922_001066.jpg,,,-0.556353,0.050000,0.000000,0.000000
IMG/center_20250825_142922_001067.jpg,,,-0.556353,0.050000,0.000000,0.000000
IMG/center_20250825_142922_001068.jpg,,,-0.516701,0.050000,0.000000,0.000000
IMG/center_20250825_142922_001069.jpg,,,-0.516701,0.050000,0.000000,0.000000
IMG/center_20250825_142922_001070.jpg,,,-0.516701,0.050000,0.000000,0.000000
IMG/center_20250825_142922_001071.jpg,,,-0.556353,0.050000,0.000000,0.000000
IMG/center_20250825_142922_001072.jpg,,,-0.556353,0.050000,0.000000,0.000000
IMG/center_20250825_142922_001073.jpg,,,-0.556353,0.050000,0.000000,0.000000
IMG/center_20250825_142922_001074.jpg,,,-0.516701,0.050000,0.000000,0.000000
IMG/center_20250825_142922_001075.jpg,,,-0.516701,0.050000,0.000000,0.000000
IMG/center_20250825_142922_001076.jpg,,,-0.556353,0.050000,0.000000,0.000000
IMG/center_20250825_142922_001077.jpg,,,-0.516701,0.050000,0.000000,0.000000
IMG/center_20250825_142922_001078.jpg,,,-0.477030,0.050000,0.000000,0.000000
IMG/center_20250825_142922_001079.jpg,,,-0.477030,0.050000,0.000000,0.000000
IMG/center_20250825_142922_001080.jpg,,,-0.556353,0.050000,0.000000,0.000000
IMG/center_20250825_142922_001081.jpg,,,-0.595983,0.050000,0.000000,0.000000
IMG/center_20250825_142922_001082.jpg,,,-0.556353,0.050000,0.000000,0.000000
IMG/center_20250825_142922_001083.jpg,,,-0.477030,0.050000,0.000000,0.000000
IMG/center_20250825_142922_001084.jpg,,,-0.397636,0.050000,0.000000,0.000000
IMG/center_20250825_142922_001085.jpg,,,-0.477030,0.050000,0.000000,0.000000
IMG/center_20250825_142922_001086.jpg,,,-0.516701,0.050000,0.000000,0.000000
IMG/center_20250825_142922_001087.jpg,,,-0.516701,0.050000,0.000000,0.000000
IMG/center_20250825_142922_001088.jpg,,,-0.516701,0.050000,0.000000,0.000000
IMG/center_20250825_142922_001089.jpg,,,-0.516701,0.050000,0.000000,0.000000
IMG/center_20250825_142922_001090.jpg,,,-0.477030,0.050000,0.000000,0.000000
IMG/center_20250825_142922_001091.jpg,,,-0.477030,0.050000,0.000000,0.000000
IMG/center_20250825_142922_001092.jpg,,,-0.516701,0.050000,0.000000,0.000000
IMG/center_20250825_142922_001093.jpg,,,-0.516701,0.050000,0.000000,0.000000
IMG/center_20250825_142922_001094.jpg,,,-0.516701,0.050000,0.000000,0.000000
IMG/center_20250825_142922_001095.jpg,,,-0.516701,0.050000,0.000000,0.000000
IMG/center_20250825_142922_001096.jpg,,,-0.516701,0.050000,0.000000,0.000000
IMG/center_20250825_142922_001097.jpg,,,-0.516701,0.050000,0.000000,0.000000
IMG/center_20250825_142922_001098.jpg,,,-0.516701,0.050000,0.000000,0.000000
IMG/center_20250825_142922_001099.jpg,,,-0.516701,0.050000,0.000000,0.000000
IMG/center_20250825_142922_001100.jpg,,,-0.477030,0.050000,0.000000,0.000000
IMG/center_20250825_142922_001101.jpg,,,-0.477030,0.050000,0.000000,0.000000
IMG/center_20250825_142922_001102.jpg,,,-0.516701,0.050000,0.000000,0.000000
IMG/center_20250825_142922_001103.jpg,,,-0.516701,0.050000,0.000000,0.000000
IMG/center_20250825_142922_001104.jpg,,,-0.516701,0.050000,0.000000,0.000000
IMG/center_20250825_142922_001105.jpg,,,-0.477030,0.050000,0.000000,0.000000
IMG/center_20250825_142922_001106.jpg,,,-0.477030,0.050000,0.000000,0.000000
IMG/center_20250825_142922_001107.jpg,,,-0.477030,0.050000,0.000000,0.000000
IMG/center_20250825_142922_001108.jpg,,,-0.516701,0.050000,0.000000,0.000000
IMG/center_20250825_142922_001109.jpg,,,-0.516701,0.050000,0.000000,0.000000
IMG/center_20250825_142922_001110.jpg,,,-0.477030,0.050000,0.000000,0.000000
IMG/center_20250825_142922_001111.jpg,,,-0.477030,0.050000,0.000000,0.000000
IMG/center_20250825_142922_001112.jpg,,,-0.516701,0.050000,0.000000,0.000000
IMG/center_20250825_142922_001113.jpg,,,-0.516701,0.050000,0.000000,0.000000
IMG/center_20250825_142922_001114.jpg,,,-0.516701,0.050000,0.000000,0.000000
IMG/center_20250825_142922_001115.jpg,,,-0.477030,0.050000,0.000000,0.000000
IMG/center_20250825_142922_001116.jpg,,,-0.477030,0.050000,0.000000,0.000000
IMG/center_20250825_142922_001117.jpg,,,-0.477030,0.050000,0.000000,0.000000
IMG/center_20250825_142922_001118.jpg,,,-0.477030,0.050000,0.000000,0.000000
IMG/center_20250825_142922_001119.jpg,,,-0.516701,0.050000,0.000000,0.000000
IMG/center_20250825_142922_001120.jpg,,,-0.516701,0.050000,0.000000,0.000000
IMG/center_20250825_142922_001121.jpg,,,-0.516701,0.050000,0.000000,0.000000
IMG/center_20250825_142922_001122.jpg,,,-0.477030,0.050000,0.000000,0.000000
IMG/center_20250825_142922_001123.jpg,,,-0.477030,0.050000,0.000000,0.000000
IMG/center_20250825_142922_001124.jpg,,,-0.477030,0.050000,0.000000,0.000000
IMG/center_20250825_142922_001125.jpg,,,-0.516701,0.050000,0.000000,0.000000
IMG/center_20250825_142922_001126.jpg,,,-0.516701,0.050000,0.000000,0.000000
IMG/center_20250825_142922_001127.jpg,,,-0.516701,0.050000,0.000000,0.000000
IMG/center_20250825_142922_001128.jpg,,,-0.516701,0.050000,0.000000,0.000000
IMG/center_20250825_142922_001129.jpg,,,-0.477030,0.050000,0.000000,0.000000
IMG/center_20250825_142922_001130.jpg,,,-0.477030,0.050000,0.000000,0.000000
IMG/center_20250825_142922_001131.jpg,,,-0.477030,0.050000,0.000000,0.000000
IMG/center_20250825_142922_001132.jpg,,,-0.516701,0.050000,0.000000,0.000000
IMG/center_20250825_142922_001133.jpg,,,-0.516701,0.050000,0.000000,0.000000
IMG/center_20250825_142922_001134.jpg,,,-0.516701,0.050000,0.000000,0.000000
IMG/center_20250825_142922_001135.jpg,,,-0.477030,0.050000,0.000000,0.000000
IMG/center_20250825_142922_001136.jpg,,,-0.477030,0.050000,0.000000,0.000000
IMG/center_20250825_142922_001137.jpg,,,-0.477030,0.050000,0.000000,0.000000
IMG/center_20250825_142922_001138.jpg,,,-0.516701,0.050000,0.000000,0.000000
IMG/center_20250825_142922_001139.jpg,,,-0.516701,0.050000,0.000000,0.000000
IMG/center_20250825_142922_001140.jpg,,,-0.516701,0.050000,0.000000,0.000000
IMG/center_20250825_142922_001141.jpg,,,-0.516701,0.050000,0.000000,0.000000
IMG/center_20250825_142922_001142.jpg,,,-0.477030,0.050000,0.000000,0.000000
IMG/center_20250825_142922_001143.jpg,,,-0.477030,0.050000,0.000000,0.000000
IMG/center_20250825_142922_001144.jpg,,,-0.516701,0.050000,0.000000,0.000000
IMG/center_20250825_142922_001145.jpg,,,-0.556353,0.050000,0.000000,0.000000
IMG/center_20250825_142922_001146.jpg,,,-0.516701,0.050000,0.000000,0.000000
IMG/center_20250825_142922_001147.jpg,,,-0.516701,0.050000,0.000000,0.000000
IMG/center_20250825_142922_001148.jpg,,,-0.477030,0.050000,0.000000,0.000000
IMG/center_20250825_142922_001149.jpg,,,-0.516701,0.050000,0.000000,0.000000
IMG/center_20250825_142922_001150.jpg,,,-0.516701,0.050000,0.000000,0.000000
IMG/center_20250825_142922_001151.jpg,,,-0.516701,0.050000,0.000000,0.000000
IMG/center_20250825_142922_001152.jpg,,,-0.556353,0.050000,0.000000,0.000000
IMG/center_20250825_142922_001153.jpg,,,-0.516701,0.050000,0.000000,0.000000
IMG/center_20250825_142922_001154.jpg,,,-0.477030,0.050000,0.000000,0.000000
IMG/center_20250825_142922_001155.jpg,,,-0.516701,0.050000,0.000000,0.000000
IMG/center_20250825_142922_001156.jpg,,,-0.556353,0.050000,0.000000,0.000000
IMG/center_20250825_142922_001157.jpg,,,-0.516701,0.050000,0.000000,0.000000
IMG/center_20250825_142922_001158.jpg,,,-0.477030,0.050000,0.000000,0.000000
IMG/center_20250825_142922_001159.jpg,,,-0.477030,0.050000,0.000000,0.000000
IMG/center_20250825_142922_001160.jpg,,,-0.477030,0.050000,0.000000,0.000000
IMG/center_20250825_142922_001161.jpg,,,-0.477030,0.050000,0.000000,0.000000
IMG/center_20250825_142922_001162.jpg,,,-0.477030,0.050000,0.000000,0.000000
IMG/center_20250825_142922_001163.jpg,,,-0.437341,0.050000,0.000000,0.000000
IMG/center_20250825_142922_001164.jpg,,,-0.397636,0.050000,0.000000,0.000000
IMG/center_20250825_142922_001165.jpg,,,-0.397636,0.050000,0.000000,0.000000
IMG/center_20250825_142922_001166.jpg,,,-0.437341,0.050000,0.000000,0.000000
IMG/center_20250825_142922_001167.jpg,,,-0.397636,0.050000,0.000000,0.000000
IMG/center_20250825_142922_001168.jpg,,,-0.357915,0.050000,0.000000,0.000000
IMG/center_20250825_142922_001169.jpg,,,-0.357915,0.050000,0.000000,0.000000
IMG/center_20250825_142922_001170.jpg,,,-0.318181,0.050000,0.000000,0.000000
IMG/center_20250825_142922_001171.jpg,,,-0.318181,0.050000,0.000000,0.000000
IMG/center_20250825_142922_001172.jpg,,,-0.278435,0.050000,0.000000,0.000000
IMG/center_20250825_142922_001173.jpg,,,-0.238678,0.050000,0.000000,0.000000
IMG/center_20250825_142922_001174.jpg,,,-0.198912,0.050000,0.000000,0.000000
IMG/center_20250825_142922_001175.jpg,,,-0.198912,0.050000,0.000000,0.000000
IMG/center_20250825_142922_001176.jpg,,,-0.198912,0.050000,0.000000,0.000000
IMG/center_20250825_142922_001177.jpg,,,-0.159139,0.050000,0.000000,0.000000
IMG/center_20250825_142922_001178.jpg,,,-0.119359,0.050000,0.000000,0.000000
IMG/center_20250825_142922_001179.jpg,,,-0.079575,0.050000,0.000000,0.000000
IMG/center_20250825_142922_001180.jpg,,,-0.079575,0.050000,0.000000,0.000000
IMG/center_20250825_142922_001181.jpg,,,-0.039788,0.050000,0.000000,0.000000
IMG/center_20250825_142922_001182.jpg,,,0.000000,0.050000,0.000000,0.000000
IMG/center_20250825_142922_001183.jpg,,,0.039788,0.050000,0.000000,0.000000
IMG/center_20250825_142922_001184.jpg,,,0.079575,0.050000,0.000000,0.000000
IMG/center_20250825_142922_001185.jpg,,,0.159139,0.050000,0.000000,0.000000
IMG/center_20250825_142922_001186.jpg,,,0.238678,0.050000,0.000000,0.000000
IMG/center_20250825_142922_001187.jpg,,,0.318181,0.050000,0.000000,0.000000
IMG/center_20250825_142922_001188.jpg,,,0.357915,0.050000,0.000000,0.000000
IMG/center_20250825_142922_001189.jpg,,,0.397636,0.050000,0.000000,0.000000
IMG/center_20250825_142922_001190.jpg,,,0.397636,0.050000,0.000000,0.000000
IMG/center_20250825_142922_001191.jpg,,,0.357915,0.050000,0.000000,0.000000
IMG/center_20250825_142922_001192.jpg,,,0.357915,0.050000,0.000000,0.000000
IMG/center_20250825_142922_001193.jpg,,,0.357915,0.050000,0.000000,0.000000
IMG/center_20250825_142922_001194.jpg,,,0.357915,0.050000,0.000000,0.000000
IMG/center_20250825_142922_001195.jpg,,,0.397636,0.050000,0.000000,0.000000
IMG/center_20250825_142922_001196.jpg,,,0.437341,0.050000,0.000000,0.000000
IMG/center_20250825_142922_001197.jpg,,,0.437341,0.050000,0.000000,0.000000
IMG/center_20250825_142922_001198.jpg,,,0.437341,0.050000,0.000000,0.000000
IMG/center_20250825_142922_001199.jpg,,,0.437341,0.050000,0.000000,0.000000
IMG/center_20250825_142922_001200.jpg,,,0.437341,0.050000,0.000000,0.000000
IMG/center_20250825_142922_001201.jpg,,,0.437341,0.050000,0.000000,0.000000
IMG/center_20250825_142922_001202.jpg,,,0.477030,0.050000,0.000000,0.000000
IMG/center_20250825_142922_001203.jpg,,,0.477030,0.050000,0.000000,0.000000
IMG/center_20250825_142922_001204.jpg,,,0.477030,0.050000,0.000000,0.000000
IMG/center_20250825_142922_001205.jpg,,,0.477030,0.050000,0.000000,0.000000
IMG/center_20250825_142922_001206.jpg,,,0.437341,0.050000,0.000000,0.000000
IMG/center_20250825_142922_001207.jpg,,,0.477030,0.050000,0.000000,0.000000
IMG/center_20250825_142922_001208.jpg,,,0.477030,0.050000,0.000000,0.000000
IMG/center_20250825_142922_001209.jpg,,,0.516701,0.050000,0.000000,0.000000
IMG/center_20250825_142922_001210.jpg,,,0.556353,0.050000,0.000000,0.000000
IMG/center_20250825_142922_001211.jpg,,,0.516701,0.050000,0.000000,0.000000
IMG/center_20250825_142922_001212.jpg,,,0.477030,0.050000,0.000000,0.000000
IMG/center_20250825_142922_001213.jpg,,,0.477030,0.050000,0.000000,0.000000
IMG/center_20250825_142922_001214.jpg,,,0.516701,0.050000,0.000000,0.000000
IMG/center_20250825_142922_001215.jpg,,,0.556353,0.050000,0.000000,0.000000
IMG/center_20250825_142922_001216.jpg,,,0.556353,0.050000,0.000000,0.000000
IMG/center_20250825_142922_001217.jpg,,,0.516701,0.050000,0.000000,0.000000
IMG/center_20250825_142922_001218.jpg,,,0.477030,0.050000,0.000000,0.000000
IMG/center_20250825_142922_001219.jpg,,,0.516701,0.050000,0.000000,0.000000
IMG/center_20250825_142922_001220.jpg,,,0.516701,0.050000,0.000000,0.000000
IMG/center_20250825_142922_001221.jpg,,,0.556353,0.050000,0.000000,0.000000
IMG/center_20250825_142922_001222.jpg,,,0.516701,0.050000,0.000000,0.000000
IMG/center_20250825_142922_001223.jpg,,,0.516701,0.050000,0.000000,0.000000
IMG/center_20250825_142922_001224.jpg,,,0.477030,0.050000,0.000000,0.000000
IMG/center_20250825_142922_001225.jpg,,,0.477030,0.050000,0.000000,0.000000
IMG/center_20250825_142922_001226.jpg,,,0.477030,0.050000,0.000000,0.000000
IMG/center_20250825_142922_001227.jpg,,,0.477030,0.050000,0.000000,0.000000
IMG/center_20250825_142922_001228.jpg,,,0.477030,0.050000,0.000000,0.000000
IMG/center_20250825_142922_001229.jpg,,,0.477030,0.050000,0.000000,0.000000
IMG/center_20250825_142922_001230.jpg,,,0.477030,0.050000,0.000000,0.000000
IMG/center_20250825_142922_001231.jpg,,,0.477030,0.050000,0.000000,0.000000
IMG/center_20250825_142922_001232.jpg,,,0.477030,0.050000,0.000000,0.000000
IMG/center_20250825_142922_001233.jpg,,,0.477030,0.050000,0.000000,0.000000
IMG/center_20250825_142922_001234.jpg,,,0.437341,0.050000,0.000000,0.000000
IMG/center_20250825_142922_001235.jpg,,,0.437341,0.050000,0.000000,0.000000
IMG/center_20250825_142922_001236.jpg,,,0.437341,0.050000,0.000000,0.000000
IMG/center_20250825_142922_001237.jpg,,,0.477030,0.050000,0.000000,0.000000
IMG/center_20250825_142922_001238.jpg,,,0.477030,0.050000,0.000000,0.000000
IMG/center_20250825_142922_001239.jpg,,,0.477030,0.050000,0.000000,0.000000
IMG/center_20250825_142922_001240.jpg,,,0.477030,0.050000,0.000000,0.000000
IMG/center_20250825_142922_001241.jpg,,,0.477030,0.050000,0.000000,0.000000
IMG/center_20250825_142922_001242.jpg,,,0.477030,0.050000,0.000000,0.000000
IMG/center_20250825_142922_001243.jpg,,,0.477030,0.050000,0.000000,0.000000
IMG/center_20250825_142922_001244.jpg,,,0.477030,0.050000,0.000000,0.000000
IMG/center_20250825_142922_001245.jpg,,,0.477030,0.050000,0.000000,0.000000
IMG/center_20250825_142922_001246.jpg,,,0.516701,0.050000,0.000000,0.000000
IMG/center_20250825_142922_001247.jpg,,,0.477030,0.050000,0.000000,0.000000
IMG/center_20250825_142922_001248.jpg,,,0.477030,0.050000,0.000000,0.000000
IMG/center_20250825_142922_001249.jpg,,,0.477030,0.050000,0.000000,0.000000
IMG/center_20250825_142922_001250.jpg,,,0.477030,0.050000,0.000000,0.000000
IMG/center_20250825_142922_001251.jpg,,,0.516701,0.050000,0.000000,0.000000
IMG/center_20250825_142922_001252.jpg,,,0.477030,0.050000,0.000000,0.000000
IMG/center_20250825_142922_001253.jpg,,,0.477030,0.050000,0.000000,0.000000
IMG/center_20250825_142922_001254.jpg,,,0.477030,0.050000,0.000000,0.000000
IMG/center_20250825_142922_001255.jpg,,,0.477030,0.050000,0.000000,0.000000
IMG/center_20250825_142922_001256.jpg,,,0.477030,0.050000,0.000000,0.000000
IMG/center_20250825_142922_001257.jpg,,,0.477030,0.050000,0.000000,0.000000
IMG/center_20250825_142922_001258.jpg,,,0.477030,0.050000,0.000000,0.000000
IMG/center_20250825_142922_001259.jpg,,,0.477030,0.050000,0.000000,0.000000
IMG/center_20250825_142922_001260.jpg,,,0.477030,0.050000,0.000000,0.000000
IMG/center_20250825_142922_001261.jpg,,,0.477030,0.050000,0.000000,0.000000
IMG/center_20250825_142922_001262.jpg,,,0.437341,0.050000,0.000000,0.000000
IMG/center_20250825_142922_001263.jpg,,,0.437341,0.050000,0.000000,0.000000
IMG/center_20250825_142922_001264.jpg,,,0.397636,0.050000,0.000000,0.000000
IMG/center_20250825_142922_001265.jpg,,,0.437341,0.050000,0.000000,0.000000
IMG/center_20250825_142922_001266.jpg,,,0.437341,0.050000,0.000000,0.000000
IMG/center_20250825_142922_001267.jpg,,,0.437341,0.050000,0.000000,0.000000
IMG/center_20250825_142922_001268.jpg,,,0.437341,0.050000,0.000000,0.000000
IMG/center_20250825_142922_001269.jpg,,,0.397636,0.050000,0.000000,0.000000
IMG/center_20250825_142922_001270.jpg,,,0.397636,0.050000,0.000000,0.000000
IMG/center_20250825_142922_001271.jpg,,,0.357915,0.050000,0.000000,0.000000
IMG/center_20250825_142922_001272.jpg,,,0.397636,0.050000,0.000000,0.000000
IMG/center_20250825_142922_001273.jpg,,,0.357915,0.050000,0.000000,0.000000
IMG/center_20250825_142922_001274.jpg,,,0.357915,0.050000,0.000000,0.000000
IMG/center_20250825_142922_001275.jpg,,,0.397636,0.050000,0.000000,0.000000
IMG/center_20250825_142922_001276.jpg,,,0.397636,0.050000,0.000000,0.000000
IMG/center_20250825_142922_001277.jpg,,,0.318181,0.050000,0.000000,0.000000
IMG/center_20250825_142922_001278.jpg,,,0.278435,0.050000,0.000000,0.000000
IMG/center_20250825_142922_001279.jpg,,,0.318181,0.050000,0.000000,0.000000
IMG/center_20250825_142922_001280.jpg,,,0.318181,0.050000,0.000000,0.000000
IMG/center_20250825_142922_001281.jpg,,,0.318181,0.050000,0.000000,0.000000
IMG/center_20250825_142922_001282.jpg,,,0.278435,0.050000,0.000000,0.000000
IMG/center_20250825_142922_001283.jpg,,,0.278435,0.050000,0.000000,0.000000
IMG/center_20250825_142922_001284.jpg,,,0.278435,0.050000,0.000000,0.000000
IMG/center_20250825_142922_001285.jpg,,,0.278435,0.050000,0.000000,0.000000
IMG/center_20250825_142922_001286.jpg,,,0.278435,0.050000,0.000000,0.000000
IMG/center_20250825_142922_001287.jpg,,,0.238678,0.050000,0.000000,0.000000
IMG/center_20250825_142922_001288.jpg,,,0.238678,0.050000,0.000000,0.000000
IMG/center_20250825_142922_001289.jpg,,,0.198912,0.050000,0.000000,0.000000
IMG/center_20250825_142922_001290.jpg,,,0.198912,0.050000,0.000000,0.000000
IMG/center_20250825_142922_001291.jpg,,,0.159139,0.050000,0.000000,0.000000
IMG/center_20250825_142922_001292.jpg,,,0.159139,0.050000,0.000000,0.000000
IMG/center_20250825_142922_001293.jpg,,,0.159139,0.050000,0.000000,0.000000
IMG/center_20250825_142922_001294.jpg,,,0.159139,0.050000,0.000000,0.000000
IMG/center_20250825_142922_001295.jpg,,,0.159139,0.050000,0.000000,0.000000
IMG/center_20250825_142922_001296.jpg,,,0.159139,0.050000,0.000000,0.000000
IMG/center_20250825_142922_001297.jpg,,,0.119359,0.050000,0.000000,0.000000
IMG/center_20250825_142922_001298.jpg,,,0.119359,0.050000,0.000000,0.000000
IMG/center_20250825_142922_001299.jpg,,,0.119359,0.050000,0.000000,0.000000
